"gbifID","imageURL","iNatID","long","lat","species","scientificName","gbifTaxonID","verbatimDate","year","month","day","obscured","qualityGrade"
NA,"https://inaturalist-open-data.s3.amazonaws.com/photos/2608/medium.jpg",2108,-121.9362030029,37.8987464905,"Erysimum capitatum",NA,50628,"2009-03-21",2009,3,21,"false","research"
NA,"",5567,-122.3210906982,38.9198875427,"Erysimum capitatum",NA,50628,"2004-03-28",2004,3,28,"false","casual"
NA,"https://inaturalist-open-data.s3.amazonaws.com/photos/12956/medium.jpg",6339,-121.1895141602,36.4908180237,"Erysimum capitatum",NA,50628,"2010-04-03",2010,4,3,"false","research"
NA,"https://inaturalist-open-data.s3.amazonaws.com/photos/13077/medium.JPG",6409,-121.1976776123,36.4507369995,"Erysimum capitatum capitatum",NA,50627,"2010-04-03",2010,4,3,"false","research"
NA,"http://static.inaturalist.org/photos/13216/medium.jpg",6477,-121.9131774902,37.8786277771,"Erysimum capitatum",NA,50628,"2010-04-10",2010,4,10,"false","research"
NA,"https://inaturalist-open-data.s3.amazonaws.com/photos/13506/medium.JPG",6618,-121.653356791,37.1553720643,"Erysimum",NA,50630,"2010-04-18",2010,4,18,"true","needs_id"
NA,"https://inaturalist-open-data.s3.amazonaws.com/photos/16543/medium.jpg",7613,-122.5388612656,37.7274525149,"Erysimum franciscanum",NA,57402,"2010-06-19",2010,6,19,"true","research"
NA,"https://inaturalist-open-data.s3.amazonaws.com/photos/19380/medium.jpg",9035,-122.4033057881,37.6907684809,"Erysimum franciscanum",NA,57402,"2010-11-21",2010,11,21,"true","research"
NA,"https://inaturalist-open-data.s3.amazonaws.com/photos/21870/medium.jpg",10526,-122.5492180287,37.73926446,"Erysimum franciscanum",NA,57402,"2011-01-23",2011,1,23,"true","research"
NA,"http://static.inaturalist.org/photos/23808/medium.jpg",11840,-122.4906743801,37.7922800216,"Erysimum franciscanum",NA,57402,"2011-02-27",2011,2,27,"true","research"
NA,"https://inaturalist-open-data.s3.amazonaws.com/photos/34566/medium.jpg",18985,-121.9580019258,36.6016577249,"Erysimum",NA,50630,"2010-03-27",2010,3,27,"true","casual"
NA,"https://inaturalist-open-data.s3.amazonaws.com/photos/34781/medium.jpg",19177,-122.5162837327,37.7305625458,"Erysimum franciscanum",NA,57402,"2010-03-20",2010,3,20,"true","research"
NA,"http://static.inaturalist.org/photos/35828/medium.JPG",19963,-119.3522071838,38.1485975599,"Erysimum",NA,50630,"2009-06-13",2009,6,13,"false","needs_id"
NA,"http://static.inaturalist.org/photos/64317/medium.JPG",20347,-121.7441358739,38.0993282841,"Erysimum capitatum angustatum",NA,119564,"",NA,NA,NA,"true","casual"
NA,"https://inaturalist-open-data.s3.amazonaws.com/photos/37183/medium.jpg",21040,-118.00728,34.2949033,"Erysimum capitatum",NA,50628,"2011-06-11",2011,6,11,"false","research"
NA,"http://static.inaturalist.org/photos/38160/medium.jpg",21534,-123.039708,39.195345,"Erysimum capitatum",NA,50628,"2009-04-11",2009,4,11,"false","research"
NA,"http://static.inaturalist.org/photos/50076/medium.jpg",28121,-119.3640494,38.1079761,"Erysimum",NA,50630,"2011-08-13",2011,8,13,"false","needs_id"
NA,"https://inaturalist-open-data.s3.amazonaws.com/photos/56808/medium.JPG",33347,-119.1633367538,34.5865842321,"Erysimum capitatum",NA,50628,"2010-05-28",2010,5,28,"false","research"
NA,"https://inaturalist-open-data.s3.amazonaws.com/photos/60965/medium.JPG",36055,-121.9337180257,37.8789712546,"Erysimum capitatum",NA,50628,"2010-03-20",2010,3,20,"false","research"
NA,"https://inaturalist-open-data.s3.amazonaws.com/photos/74423/medium.jpg",46298,-122.5121841431,37.7814483643,"Erysimum",NA,50630,"2012-01-07",2012,1,7,"false","needs_id"
NA,"https://inaturalist-open-data.s3.amazonaws.com/photos/79095/medium.jpg",49418,-121.936398,37.909055,"Erysimum capitatum",NA,50628,"2012-01-28",2012,1,28,"false","research"
NA,"https://inaturalist-open-data.s3.amazonaws.com/photos/85209/medium.jpg",54263,-122.5147721204,37.6018325593,"Erysimum franciscanum",NA,57402,"2012-02-29",2012,2,29,"true","research"
NA,"http://static.inaturalist.org/photos/87802/medium.jpg",56276,-118.17735672,34.2301748315,"Erysimum capitatum",NA,50628,"2012-03-08",2012,3,8,"false","research"
NA,"https://inaturalist-open-data.s3.amazonaws.com/photos/91046/medium.jpg",58450,-122.4155991929,37.4155857205,"Erysimum franciscanum",NA,57402,"2012-03-17",2012,3,17,"true","research"
NA,"https://inaturalist-open-data.s3.amazonaws.com/photos/95006/medium.jpg",61686,-121.942592,37.919628,"Erysimum capitatum",NA,50628,"2012-04-01",2012,4,1,"false","research"
NA,"https://inaturalist-open-data.s3.amazonaws.com/photos/99886/medium.jpg",63141,-122.0054648161,37.04659476,"Erysimum teretifolium",NA,67798,"2012-04-06",2012,4,6,"true","research"
NA,"https://inaturalist-open-data.s3.amazonaws.com/photos/98301/medium.jpg",64084,-121.925659,37.89245,"Erysimum capitatum",NA,50628,"2012-04-08",2012,4,8,"false","research"
NA,"https://inaturalist-open-data.s3.amazonaws.com/photos/99333/medium.JPG",65003,-118.691906333,34.2500726745,"Erysimum capitatum",NA,50628,"2012-04-12",2012,4,12,"false","research"
NA,"https://inaturalist-open-data.s3.amazonaws.com/photos/99515/medium.JPG",65171,-119.1802453995,34.5275872281,"Erysimum capitatum",NA,50628,"2012-03-23",2012,3,23,"false","research"