"gbifID","imageURL","iNatID","long","lat","species","scientificName","gbifTaxonID","verbatimDate","year","month","day","obscured","qualityGrade"
NA,"http://static.inaturalist.org/photos/389995/medium.jpg","313404","-105.615871","40.349791","Erysimum capitatum",NA,"50628","2013-06-16","2013","06","16","false","research"
NA,"http://static.inaturalist.org/photos/389990/medium.jpg","314207","-105.567606","40.207593","Erysimum capitatum",NA,"50628","2013-06-27","2013","06","27","false","research"
NA,"http://static.inaturalist.org/photos/392231/medium.jpg","315880","-105.548362","40.20641","Erysimum capitatum",NA,"50628","2013-06-29","2013","06","29","false","needs_id"
NA,"http://static.inaturalist.org/photos/994539/medium.jpg","321416","-105.634996","40.396798","Erysimum",NA,"50630","2013-07-03","2013","07","03","false","needs_id"
NA,"http://static.inaturalist.org/photos/994579/medium.jpg","321460","-105.753843","40.447318","Erysimum",NA,"50630","2013-07-03","2013","07","03","false","needs_id"
NA,"http://static.inaturalist.org/photos/994663/medium.jpg","324023","-105.74193","40.443007","Erysimum capitatum",NA,"50628","2013-07-06","2013","07","06","false","needs_id"
NA,"https://inaturalist-open-data.s3.amazonaws.com/photos/413223/medium.JPG","331246","-105.688179","40.285128","Erysimum capitatum",NA,"50628","2006-06-03","2006","06","03","false","research"
NA,"http://static.inaturalist.org/photos/536698/medium.jpg","426105","-105.65522","40.349913","Erysimum capitatum",NA,"50628","2010-06-09","2010","06","09","false","research"
NA,"https://inaturalist-open-data.s3.amazonaws.com/photos/916170/medium.jpg","729268","-105.2700283333","39.95003","Erysimum capitatum",NA,"50628","2014-06-09","2014","06","09","false","research"
NA,"http://static.inaturalist.org/photos/960470/medium.jpg","763348","-107.771437","37.851089","Erysimum capitatum purshii",NA,"80890","2014-06-22","2014","06","22","false","needs_id"
NA,"https://inaturalist-open-data.s3.amazonaws.com/photos/1738579/medium.jpg","1405435","-105.219237","40.423891","Erysimum capitatum",NA,"50628","2015-04-18","2015","04","18","false","needs_id"
NA,"https://inaturalist-open-data.s3.amazonaws.com/photos/1738595/medium.jpg","1405447","-105.219252","40.423681","Erysimum asperum",NA,"162713","2015-04-18","2015","04","18","false","needs_id"
NA,"https://inaturalist-open-data.s3.amazonaws.com/photos/2833640/medium.jpg","1650392","-105.541105","40.308686","Erysimum",NA,"50630","2015-06-14","2015","06","14","false","needs_id"
NA,"https://inaturalist-open-data.s3.amazonaws.com/photos/2037767/medium.JPG","1675059","-105.708575","40.393306","Erysimum capitatum",NA,"50628","2015-06-15","2015","06","15","false","needs_id"
NA,"http://static.inaturalist.org/photos/2054811/medium.jpg","1696836","-105.601565","40.386179","Erysimum",NA,"50630","2015-06-20","2015","06","20","false","needs_id"
NA,"https://inaturalist-open-data.s3.amazonaws.com/photos/2145007/medium.jpg","1773090","-106.878601","39.168501","Erysimum capitatum",NA,"50628","2015-07-17","2015","07","17","false","research"
NA,"https://inaturalist-open-data.s3.amazonaws.com/photos/2147612/medium.jpg","1774795","-105.4357383333","39.8773533333","Erysimum capitatum",NA,"50628","2015-06-25","2015","06","25","false","research"
NA,"https://inaturalist-open-data.s3.amazonaws.com/photos/2147613/medium.jpg","1774796","-105.2953033333","39.9257916667","Erysimum capitatum capitatum",NA,"50627","2015-06-24","2015","06","24","false","research"
NA,"https://inaturalist-open-data.s3.amazonaws.com/photos/2266143/medium.jpg","1862430","-104.970202","38.039093","Erysimum capitatum",NA,"50628","2015-08-05","2015","08","05","false","research"
NA,"https://inaturalist-open-data.s3.amazonaws.com/photos/2323147/medium.jpg","1903568","-104.970206","38.039147","Erysimum capitatum",NA,"50628","2015-08-29","2015","08","29","false","research"
NA,"http://static.inaturalist.org/photos/3532019/medium.jpg","3065813","-104.743824","39.33043","Erysimum capitatum",NA,"50628","2016-04-25","2016","04","25","false","research"
NA,"https://inaturalist-open-data.s3.amazonaws.com/photos/3613701/medium.JPG","3123926","-105.267212","39.849987","Erysimum capitatum",NA,"50628","2009-05-30","2009","05","30","false","research"
NA,"https://inaturalist-open-data.s3.amazonaws.com/photos/3696395/medium.jpeg","3193248","-105.71877646","38.41675211","Erysimum capitatum",NA,"50628","2016-05-15","2016","05","15","false","research"
NA,"http://static.inaturalist.org/photos/3700176/medium.jpg","3197539","-105.7039906272","38.4139797651","Erysimum",NA,"50630","2016-05-14","2016","05","14","false","needs_id"
NA,"https://inaturalist-open-data.s3.amazonaws.com/photos/3815467/medium.jpg","3301353","-105.1277615224","40.4801477725","Erysimum capitatum",NA,"50628","2016-05-25","2016","05","25","false","research"
NA,"http://static.inaturalist.org/photos/3839888/medium.jpg","3323700","-104.820401","38.735924","Erysimum capitatum",NA,"50628","2016-05-20","2016","05","20","false","needs_id"
NA,"https://inaturalist-open-data.s3.amazonaws.com/photos/3940795/medium.jpg","3404801","-107.2218214442","39.4733939879","Erysimum",NA,"50630","2016-06-07","2016","06","07","false","needs_id"
NA,"https://inaturalist-open-data.s3.amazonaws.com/photos/3941865/medium.jpg","3405648","-107.2237942928","39.4726838312","Erysimum capitatum",NA,"50628","2016-06-07","2016","06","07","false","needs_id"
NA,"https://inaturalist-open-data.s3.amazonaws.com/photos/3942074/medium.jpg","3405856","-104.969917","38.039216","Erysimum capitatum",NA,"50628","2016-06-03","2016","06","03","false","research"
NA,"http://static.inaturalist.org/photos/3952780/medium.jpg","3414251","-107.2222788447","39.4722169172","Erysimum",NA,"50630","2016-06-08","2016","06","08","false","needs_id"
NA,"https://inaturalist-open-data.s3.amazonaws.com/photos/3953031/medium.jpeg","3414320","-107.22176064","39.47336174","Erysimum capitatum",NA,"50628","2016-06-08","2016","06","08","false","needs_id"
NA,"http://static.inaturalist.org/photos/3953039/medium.jpeg","3414392","-107.2230558","39.47130595","Erysimum",NA,"50630","2016-06-07","2016","06","07","false","needs_id"
NA,"https://inaturalist-open-data.s3.amazonaws.com/photos/4003660/medium.jpg","3450972","-105.594339","40.695557","Erysimum capitatum",NA,"50628","2016-06-08","2016","06","08","false","needs_id"
NA,"https://inaturalist-open-data.s3.amazonaws.com/photos/4033595/medium.jpg","3471383","-105.4713216667","40.3404383333","Erysimum capitatum",NA,"50628","2016-06-17","2016","06","17","false","research"
NA,"https://inaturalist-open-data.s3.amazonaws.com/photos/4034068/medium.jpg","3471735","-105.4720690661","40.340713095","Erysimum capitatum",NA,"50628","2016-06-17","2016","06","17","false","needs_id"
NA,"https://inaturalist-open-data.s3.amazonaws.com/photos/4059646/medium.jpg","3483029","-105.3722012882","39.5006923378","Erysimum capitatum",NA,"50628","2016-06-17","2016","06","17","false","research"
NA,"https://inaturalist-open-data.s3.amazonaws.com/photos/4052517/medium.jpg","3484180","-105.7554499806","40.4233347718","Erysimum",NA,"50630","2016-06-19","2016","06","19","false","needs_id"
NA,"https://inaturalist-open-data.s3.amazonaws.com/photos/4108328/medium.jpg","3527301","-106.989767","38.959158","Erysimum capitatum",NA,"50628","2016-06-26","2016","06","26","false","research"
NA,"https://inaturalist-open-data.s3.amazonaws.com/photos/4108475/medium.jpg","3527389","-106.972911358","38.9617649233","Erysimum capitatum",NA,"50628","2016-06-26","2016","06","26","false","research"