/Users/benjamincarter/Desktop/CURRENT PROJECTS/ColorSelector/RshinyApps/ColorSelectorLocal_1.2/Images/imgsFrom_sampleData_6/iNatID_313404.jpg,1,2022-12-15 13:01:20,160.280220970537,324.550259965338,255,255,1
/Users/benjamincarter/Desktop/CURRENT PROJECTS/ColorSelector/RshinyApps/ColorSelectorLocal_1.2/Images/imgsFrom_sampleData_6/iNatID_313404.jpg,1,2022-12-15 13:01:21,159.136373483536,322.033795493934,255,255,1
/Users/benjamincarter/Desktop/CURRENT PROJECTS/ColorSelector/RshinyApps/ColorSelectorLocal_1.2/Images/imgsFrom_sampleData_6/iNatID_313404.jpg,1,2022-12-15 13:01:22,157.534987001733,319.51733102253,255,255,1
/Users/benjamincarter/Desktop/CURRENT PROJECTS/ColorSelector/RshinyApps/ColorSelectorLocal_1.2/Images/imgsFrom_sampleData_6/iNatID_313404.jpg,1,2022-12-15 13:01:22,156.162370017331,316.772097053726,255,255,1
/Users/benjamincarter/Desktop/CURRENT PROJECTS/ColorSelector/RshinyApps/ColorSelectorLocal_1.2/Images/imgsFrom_sampleData_6/iNatID_313404.jpg,1,2022-12-15 13:01:23,155.24729202773,313.340554592721,255,255,1
/Users/benjamincarter/Desktop/CURRENT PROJECTS/ColorSelector/RshinyApps/ColorSelectorLocal_1.2/Images/imgsFrom_sampleData_6/iNatID_313404.jpg,1,2022-12-15 13:01:24,153.874675043328,310.366551126516,255,255,1
/Users/benjamincarter/Desktop/CURRENT PROJECTS/ColorSelector/RshinyApps/ColorSelectorLocal_1.2/Images/imgsFrom_sampleData_6/iNatID_313404.jpg,1,2022-12-15 13:01:24,133.742959272097,296.869150779896,255,255,1
/Users/benjamincarter/Desktop/CURRENT PROJECTS/ColorSelector/RshinyApps/ColorSelectorLocal_1.2/Images/imgsFrom_sampleData_6/iNatID_313404.jpg,1,2022-12-15 13:01:25,139.004657712305,295.496533795494,255,255,1
/Users/benjamincarter/Desktop/CURRENT PROJECTS/ColorSelector/RshinyApps/ColorSelectorLocal_1.2/Images/imgsFrom_sampleData_6/iNatID_313404.jpg,1,2022-12-15 13:01:26,134.429267764298,293.20883882149,255,255,1
/Users/benjamincarter/Desktop/CURRENT PROJECTS/ColorSelector/RshinyApps/ColorSelectorLocal_1.2/Images/imgsFrom_sampleData_6/iNatID_313404.jpg,1,2022-12-15 13:01:26,139.004657712305,292.064991334489,254,254,0
/Users/benjamincarter/Desktop/CURRENT PROJECTS/ColorSelector/RshinyApps/ColorSelectorLocal_1.2/Images/imgsFrom_sampleData_6/iNatID_313404.jpg,1,2022-12-15 13:01:27,144.037586655113,281.770363951473,254,254,0
/Users/benjamincarter/Desktop/CURRENT PROJECTS/ColorSelector/RshinyApps/ColorSelectorLocal_1.2/Images/imgsFrom_sampleData_6/iNatID_313404.jpg,1,2022-12-15 13:01:28,137.403271230503,278.110051993068,254,255,1
/Users/benjamincarter/Desktop/CURRENT PROJECTS/ColorSelector/RshinyApps/ColorSelectorLocal_1.2/Images/imgsFrom_sampleData_6/iNatID_313404.jpg,1,2022-12-15 13:01:28,133.285420277296,274.907279029463,254,255,1
/Users/benjamincarter/Desktop/CURRENT PROJECTS/ColorSelector/RshinyApps/ColorSelectorLocal_1.2/Images/imgsFrom_sampleData_6/iNatID_313404.jpg,1,2022-12-15 13:01:29,131.912803292894,272.619584055459,255,254,3
/Users/benjamincarter/Desktop/CURRENT PROJECTS/ColorSelector/RshinyApps/ColorSelectorLocal_1.2/Images/imgsFrom_sampleData_6/iNatID_313404.jpg,1,2022-12-15 13:01:30,215.18490034662,277.423743500867,255,255,1
/Users/benjamincarter/Desktop/CURRENT PROJECTS/ColorSelector/RshinyApps/ColorSelectorLocal_1.2/Images/imgsFrom_sampleData_6/iNatID_313404.jpg,1,2022-12-15 13:01:30,219.989059792028,277.423743500867,255,255,1
/Users/benjamincarter/Desktop/CURRENT PROJECTS/ColorSelector/RshinyApps/ColorSelectorLocal_1.2/Images/imgsFrom_sampleData_6/iNatID_314207.jpg,2,2022-12-15 13:01:53,162.3684765625,326.83625,253,255,1
/Users/benjamincarter/Desktop/CURRENT PROJECTS/ColorSelector/RshinyApps/ColorSelectorLocal_1.2/Images/imgsFrom_sampleData_6/iNatID_314207.jpg,2,2022-12-15 13:01:53,160.4959765625,322.82375,254,255,1
/Users/benjamincarter/Desktop/CURRENT PROJECTS/ColorSelector/RshinyApps/ColorSelectorLocal_1.2/Images/imgsFrom_sampleData_6/iNatID_314207.jpg,2,2022-12-15 13:01:54,157.8209765625,319.61375,254,255,1
/Users/benjamincarter/Desktop/CURRENT PROJECTS/ColorSelector/RshinyApps/ColorSelectorLocal_1.2/Images/imgsFrom_sampleData_6/iNatID_314207.jpg,2,2022-12-15 13:01:55,156.4834765625,316.67125,254,255,0
/Users/benjamincarter/Desktop/CURRENT PROJECTS/ColorSelector/RshinyApps/ColorSelectorLocal_1.2/Images/imgsFrom_sampleData_6/iNatID_314207.jpg,2,2022-12-15 13:01:55,155.1459765625,312.12375,254,255,1
/Users/benjamincarter/Desktop/CURRENT PROJECTS/ColorSelector/RshinyApps/ColorSelectorLocal_1.2/Images/imgsFrom_sampleData_6/iNatID_314207.jpg,2,2022-12-15 13:01:56,153.8084765625,308.91375,254,254,0
/Users/benjamincarter/Desktop/CURRENT PROJECTS/ColorSelector/RshinyApps/ColorSelectorLocal_1.2/Images/imgsFrom_sampleData_6/iNatID_314207.jpg,2,2022-12-15 13:01:56,132.6759765625,296.07375,254,255,1
/Users/benjamincarter/Desktop/CURRENT PROJECTS/ColorSelector/RshinyApps/ColorSelectorLocal_1.2/Images/imgsFrom_sampleData_6/iNatID_314207.jpg,2,2022-12-15 13:01:57,130.8034765625,291.79375,251,252,0
/Users/benjamincarter/Desktop/CURRENT PROJECTS/ColorSelector/RshinyApps/ColorSelectorLocal_1.2/Images/imgsFrom_sampleData_6/iNatID_314207.jpg,2,2022-12-15 13:01:58,136.6884765625,291.79375,254,255,1
/Users/benjamincarter/Desktop/CURRENT PROJECTS/ColorSelector/RshinyApps/ColorSelectorLocal_1.2/Images/imgsFrom_sampleData_6/iNatID_314207.jpg,2,2022-12-15 13:01:59,137.7584765625,293.93375,254,255,3
/Users/benjamincarter/Desktop/CURRENT PROJECTS/ColorSelector/RshinyApps/ColorSelectorLocal_1.2/Images/imgsFrom_sampleData_6/iNatID_314207.jpg,2,2022-12-15 13:01:59,131.6059765625,270.92875,254,255,1
/Users/benjamincarter/Desktop/CURRENT PROJECTS/ColorSelector/RshinyApps/ColorSelectorLocal_1.2/Images/imgsFrom_sampleData_6/iNatID_314207.jpg,2,2022-12-15 13:02:00,134.2809765625,274.67375,254,255,1
/Users/benjamincarter/Desktop/CURRENT PROJECTS/ColorSelector/RshinyApps/ColorSelectorLocal_1.2/Images/imgsFrom_sampleData_6/iNatID_314207.jpg,2,2022-12-15 13:02:01,139.0959765625,279.48875,254,255,1
/Users/benjamincarter/Desktop/CURRENT PROJECTS/ColorSelector/RshinyApps/ColorSelectorLocal_1.2/Images/imgsFrom_sampleData_6/iNatID_314207.jpg,2,2022-12-15 13:02:01,144.4459765625,281.89625,254,255,1
/Users/benjamincarter/Desktop/CURRENT PROJECTS/ColorSelector/RshinyApps/ColorSelectorLocal_1.2/Images/imgsFrom_sampleData_6/iNatID_315880.jpg,3,2022-12-15 13:02:15,199.3633984375,285.03875,254,254,0
/Users/benjamincarter/Desktop/CURRENT PROJECTS/ColorSelector/RshinyApps/ColorSelectorLocal_1.2/Images/imgsFrom_sampleData_6/iNatID_315880.jpg,3,2022-12-15 13:02:16,196.3333984375,284.53375,253,254,2
/Users/benjamincarter/Desktop/CURRENT PROJECTS/ColorSelector/RshinyApps/ColorSelectorLocal_1.2/Images/imgsFrom_sampleData_6/iNatID_315880.jpg,3,2022-12-15 13:02:16,192.2933984375,284.53375,254,251,0
/Users/benjamincarter/Desktop/CURRENT PROJECTS/ColorSelector/RshinyApps/ColorSelectorLocal_1.2/Images/imgsFrom_sampleData_6/iNatID_315880.jpg,3,2022-12-15 13:02:17,190.7783984375,293.11875,254,255,1
/Users/benjamincarter/Desktop/CURRENT PROJECTS/ColorSelector/RshinyApps/ColorSelectorLocal_1.2/Images/imgsFrom_sampleData_6/iNatID_315880.jpg,3,2022-12-15 13:02:18,187.4958984375,293.11875,254,255,1
/Users/benjamincarter/Desktop/CURRENT PROJECTS/ColorSelector/RshinyApps/ColorSelectorLocal_1.2/Images/imgsFrom_sampleData_6/iNatID_315880.jpg,3,2022-12-15 13:02:19,177.9008984375,295.89625,253,254,0
/Users/benjamincarter/Desktop/CURRENT PROJECTS/ColorSelector/RshinyApps/ColorSelectorLocal_1.2/Images/imgsFrom_sampleData_6/iNatID_315880.jpg,3,2022-12-15 13:02:19,174.8708984375,295.13875,253,254,0
/Users/benjamincarter/Desktop/CURRENT PROJECTS/ColorSelector/RshinyApps/ColorSelectorLocal_1.2/Images/imgsFrom_sampleData_6/iNatID_315880.jpg,3,2022-12-15 13:02:20,175.6283984375,285.79625,253,254,0
/Users/benjamincarter/Desktop/CURRENT PROJECTS/ColorSelector/RshinyApps/ColorSelectorLocal_1.2/Images/imgsFrom_sampleData_6/iNatID_315880.jpg,3,2022-12-15 13:02:21,172.8508984375,285.79625,254,251,0
/Users/benjamincarter/Desktop/CURRENT PROJECTS/ColorSelector/RshinyApps/ColorSelectorLocal_1.2/Images/imgsFrom_sampleData_6/iNatID_315880.jpg,3,2022-12-15 13:02:21,168.5583984375,286.30125,252,251,1
/Users/benjamincarter/Desktop/CURRENT PROJECTS/ColorSelector/RshinyApps/ColorSelectorLocal_1.2/Images/imgsFrom_sampleData_6/iNatID_315880.jpg,3,2022-12-15 13:02:22,161.7408984375,281.75625,253,254,2
/Users/benjamincarter/Desktop/CURRENT PROJECTS/ColorSelector/RshinyApps/ColorSelectorLocal_1.2/Images/imgsFrom_sampleData_6/iNatID_315880.jpg,3,2022-12-15 13:02:23,160.9833984375,279.98875,251,252,0
/Users/benjamincarter/Desktop/CURRENT PROJECTS/ColorSelector/RshinyApps/ColorSelectorLocal_1.2/Images/imgsFrom_sampleData_6/iNatID_315880.jpg,3,2022-12-15 13:02:23,159.2158984375,277.96875,252,251,0
/Users/benjamincarter/Desktop/CURRENT PROJECTS/ColorSelector/RshinyApps/ColorSelectorLocal_1.2/Images/imgsFrom_sampleData_6/iNatID_315880.jpg,3,2022-12-15 13:02:24,145.0758984375,273.92875,254,255,1
/Users/benjamincarter/Desktop/CURRENT PROJECTS/ColorSelector/RshinyApps/ColorSelectorLocal_1.2/Images/imgsFrom_sampleData_6/iNatID_315880.jpg,3,2022-12-15 13:02:25,145.0758984375,271.40375,255,255,2
/Users/benjamincarter/Desktop/CURRENT PROJECTS/ColorSelector/RshinyApps/ColorSelectorLocal_1.2/Images/imgsFrom_sampleData_6/iNatID_315880.jpg,3,2022-12-15 13:02:25,154.6708984375,269.88875,255,248,0
/Users/benjamincarter/Desktop/CURRENT PROJECTS/ColorSelector/RshinyApps/ColorSelectorLocal_1.2/Images/imgsFrom_sampleData_6/iNatID_321416.jpg,4,2022-12-15 13:02:37,174.1955078125,250.94375,254,255,1
/Users/benjamincarter/Desktop/CURRENT PROJECTS/ColorSelector/RshinyApps/ColorSelectorLocal_1.2/Images/imgsFrom_sampleData_6/iNatID_321416.jpg,4,2022-12-15 13:02:37,174.1955078125,259.38125,254,255,3
/Users/benjamincarter/Desktop/CURRENT PROJECTS/ColorSelector/RshinyApps/ColorSelectorLocal_1.2/Images/imgsFrom_sampleData_6/iNatID_321416.jpg,4,2022-12-15 13:02:38,180.6080078125,259.71875,254,255,1
/Users/benjamincarter/Desktop/CURRENT PROJECTS/ColorSelector/RshinyApps/ColorSelectorLocal_1.2/Images/imgsFrom_sampleData_6/iNatID_321416.jpg,4,2022-12-15 13:02:39,183.6455078125,254.65625,254,255,1
/Users/benjamincarter/Desktop/CURRENT PROJECTS/ColorSelector/RshinyApps/ColorSelectorLocal_1.2/Images/imgsFrom_sampleData_6/iNatID_321416.jpg,4,2022-12-15 13:02:39,158.3330078125,247.90625,254,255,1
/Users/benjamincarter/Desktop/CURRENT PROJECTS/ColorSelector/RshinyApps/ColorSelectorLocal_1.2/Images/imgsFrom_sampleData_6/iNatID_321416.jpg,4,2022-12-15 13:02:40,154.6205078125,252.63125,254,255,1
/Users/benjamincarter/Desktop/CURRENT PROJECTS/ColorSelector/RshinyApps/ColorSelectorLocal_1.2/Images/imgsFrom_sampleData_6/iNatID_321416.jpg,4,2022-12-15 13:02:41,146.8580078125,250.94375,254,255,1
/Users/benjamincarter/Desktop/CURRENT PROJECTS/ColorSelector/RshinyApps/ColorSelectorLocal_1.2/Images/imgsFrom_sampleData_6/iNatID_321416.jpg,4,2022-12-15 13:02:41,153.6080078125,248.91875,254,255,1
/Users/benjamincarter/Desktop/CURRENT PROJECTS/ColorSelector/RshinyApps/ColorSelectorLocal_1.2/Images/imgsFrom_sampleData_6/iNatID_321416.jpg,4,2022-12-15 13:02:42,155.6330078125,231.03125,254,255,1
/Users/benjamincarter/Desktop/CURRENT PROJECTS/ColorSelector/RshinyApps/ColorSelectorLocal_1.2/Images/imgsFrom_sampleData_6/iNatID_321416.jpg,4,2022-12-15 13:02:43,150.2330078125,226.64375,253,254,2
/Users/benjamincarter/Desktop/CURRENT PROJECTS/ColorSelector/RshinyApps/ColorSelectorLocal_1.2/Images/imgsFrom_sampleData_6/iNatID_321416.jpg,4,2022-12-15 13:02:43,147.8705078125,219.89375,254,255,1
/Users/benjamincarter/Desktop/CURRENT PROJECTS/ColorSelector/RshinyApps/ColorSelectorLocal_1.2/Images/imgsFrom_sampleData_6/iNatID_321416.jpg,4,2022-12-15 13:02:44,155.6330078125,219.89375,254,255,1
/Users/benjamincarter/Desktop/CURRENT PROJECTS/ColorSelector/RshinyApps/ColorSelectorLocal_1.2/Images/imgsFrom_sampleData_6/iNatID_321416.jpg,4,2022-12-15 13:02:45,166.0955078125,214.49375,254,255,1
/Users/benjamincarter/Desktop/CURRENT PROJECTS/ColorSelector/RshinyApps/ColorSelectorLocal_1.2/Images/imgsFrom_sampleData_6/iNatID_321416.jpg,4,2022-12-15 13:02:46,164.0705078125,204.03125,254,255,1
/Users/benjamincarter/Desktop/CURRENT PROJECTS/ColorSelector/RshinyApps/ColorSelectorLocal_1.2/Images/imgsFrom_sampleData_6/iNatID_321416.jpg,4,2022-12-15 13:02:46,165.0830078125,198.29375,254,255,1
/Users/benjamincarter/Desktop/CURRENT PROJECTS/ColorSelector/RshinyApps/ColorSelectorLocal_1.2/Images/imgsFrom_sampleData_6/iNatID_321416.jpg,4,2022-12-15 13:02:47,134.3705078125,206.73125,254,255,1
