"gbifID","imageURL","iNatID","long","lat","species","scientificName","gbifTaxonID","verbatimDate","year","month","day","obscured","qualityGrade"
NA,"http://static.inaturalist.org/photos/389995/medium.jpg","313404","-105.615871","40.349791","Erysimum capitatum",NA,"50628","2013-06-16","2013","06","16","false","research"
NA,"http://static.inaturalist.org/photos/389990/medium.jpg","314207","-105.567606","40.207593","Erysimum capitatum",NA,"50628","2013-06-27","2013","06","27","false","research"
NA,"http://static.inaturalist.org/photos/392231/medium.jpg","315880","-105.548362","40.20641","Erysimum capitatum",NA,"50628","2013-06-29","2013","06","29","false","needs_id"
NA,"http://static.inaturalist.org/photos/994539/medium.jpg","321416","-105.634996","40.396798","Erysimum",NA,"50630","2013-07-03","2013","07","03","false","needs_id"
NA,"http://static.inaturalist.org/photos/994579/medium.jpg","321460","-105.753843","40.447318","Erysimum",NA,"50630","2013-07-03","2013","07","03","false","needs_id"
NA,"http://static.inaturalist.org/photos/994663/medium.jpg","324023","-105.74193","40.443007","Erysimum capitatum",NA,"50628","2013-07-06","2013","07","06","false","needs_id"
NA,"https://inaturalist-open-data.s3.amazonaws.com/photos/413223/medium.JPG","331246","-105.688179","40.285128","Erysimum capitatum",NA,"50628","2006-06-03","2006","06","03","false","research"
NA,"http://static.inaturalist.org/photos/536698/medium.jpg","426105","-105.65522","40.349913","Erysimum capitatum",NA,"50628","2010-06-09","2010","06","09","false","research"
NA,"https://inaturalist-open-data.s3.amazonaws.com/photos/916170/medium.jpg","729268","-105.2700283333","39.95003","Erysimum capitatum",NA,"50628","2014-06-09","2014","06","09","false","research"
NA,"http://static.inaturalist.org/photos/960470/medium.jpg","763348","-107.771437","37.851089","Erysimum capitatum purshii",NA,"80890","2014-06-22","2014","06","22","false","needs_id"
NA,"https://inaturalist-open-data.s3.amazonaws.com/photos/1738579/medium.jpg","1405435","-105.219237","40.423891","Erysimum capitatum",NA,"50628","2015-04-18","2015","04","18","false","needs_id"
NA,"https://inaturalist-open-data.s3.amazonaws.com/photos/1738595/medium.jpg","1405447","-105.219252","40.423681","Erysimum asperum",NA,"162713","2015-04-18","2015","04","18","false","needs_id"
NA,"https://inaturalist-open-data.s3.amazonaws.com/photos/2833640/medium.jpg","1650392","-105.541105","40.308686","Erysimum",NA,"50630","2015-06-14","2015","06","14","false","needs_id"
NA,"https://inaturalist-open-data.s3.amazonaws.com/photos/2037767/medium.JPG","1675059","-105.708575","40.393306","Erysimum capitatum",NA,"50628","2015-06-15","2015","06","15","false","needs_id"
NA,"http://static.inaturalist.org/photos/2054811/medium.jpg","1696836","-105.601565","40.386179","Erysimum",NA,"50630","2015-06-20","2015","06","20","false","needs_id"
NA,"https://inaturalist-open-data.s3.amazonaws.com/photos/2145007/medium.jpg","1773090","-106.878601","39.168501","Erysimum capitatum",NA,"50628","2015-07-17","2015","07","17","false","research"
NA,"https://inaturalist-open-data.s3.amazonaws.com/photos/2147612/medium.jpg","1774795","-105.4357383333","39.8773533333","Erysimum capitatum",NA,"50628","2015-06-25","2015","06","25","false","research"
NA,"https://inaturalist-open-data.s3.amazonaws.com/photos/2147613/medium.jpg","1774796","-105.2953033333","39.9257916667","Erysimum capitatum capitatum",NA,"50627","2015-06-24","2015","06","24","false","research"
NA,"https://inaturalist-open-data.s3.amazonaws.com/photos/2266143/medium.jpg","1862430","-104.970202","38.039093","Erysimum capitatum",NA,"50628","2015-08-05","2015","08","05","false","research"
NA,"https://inaturalist-open-data.s3.amazonaws.com/photos/2323147/medium.jpg","1903568","-104.970206","38.039147","Erysimum capitatum",NA,"50628","2015-08-29","2015","08","29","false","research"
NA,"http://static.inaturalist.org/photos/3532019/medium.jpg","3065813","-104.743824","39.33043","Erysimum capitatum",NA,"50628","2016-04-25","2016","04","25","false","research"
NA,"https://inaturalist-open-data.s3.amazonaws.com/photos/3613701/medium.JPG","3123926","-105.267212","39.849987","Erysimum capitatum",NA,"50628","2009-05-30","2009","05","30","false","research"
NA,"https://inaturalist-open-data.s3.amazonaws.com/photos/3696395/medium.jpeg","3193248","-105.71877646","38.41675211","Erysimum capitatum",NA,"50628","2016-05-15","2016","05","15","false","research"
NA,"http://static.inaturalist.org/photos/3700176/medium.jpg","3197539","-105.7039906272","38.4139797651","Erysimum",NA,"50630","2016-05-14","2016","05","14","false","needs_id"
NA,"https://inaturalist-open-data.s3.amazonaws.com/photos/3815467/medium.jpg","3301353","-105.1277615224","40.4801477725","Erysimum capitatum",NA,"50628","2016-05-25","2016","05","25","false","research"
NA,"http://static.inaturalist.org/photos/3839888/medium.jpg","3323700","-104.820401","38.735924","Erysimum capitatum",NA,"50628","2016-05-20","2016","05","20","false","needs_id"
NA,"https://inaturalist-open-data.s3.amazonaws.com/photos/3940795/medium.jpg","3404801","-107.2218214442","39.4733939879","Erysimum",NA,"50630","2016-06-07","2016","06","07","false","needs_id"
NA,"https://inaturalist-open-data.s3.amazonaws.com/photos/3941865/medium.jpg","3405648","-107.2237942928","39.4726838312","Erysimum capitatum",NA,"50628","2016-06-07","2016","06","07","false","needs_id"
NA,"https://inaturalist-open-data.s3.amazonaws.com/photos/3942074/medium.jpg","3405856","-104.969917","38.039216","Erysimum capitatum",NA,"50628","2016-06-03","2016","06","03","false","research"
NA,"http://static.inaturalist.org/photos/3952780/medium.jpg","3414251","-107.2222788447","39.4722169172","Erysimum",NA,"50630","2016-06-08","2016","06","08","false","needs_id"
NA,"https://inaturalist-open-data.s3.amazonaws.com/photos/3953031/medium.jpeg","3414320","-107.22176064","39.47336174","Erysimum capitatum",NA,"50628","2016-06-08","2016","06","08","false","needs_id"
NA,"http://static.inaturalist.org/photos/3953039/medium.jpeg","3414392","-107.2230558","39.47130595","Erysimum",NA,"50630","2016-06-07","2016","06","07","false","needs_id"
NA,"https://inaturalist-open-data.s3.amazonaws.com/photos/4003660/medium.jpg","3450972","-105.594339","40.695557","Erysimum capitatum",NA,"50628","2016-06-08","2016","06","08","false","needs_id"
NA,"https://inaturalist-open-data.s3.amazonaws.com/photos/4033595/medium.jpg","3471383","-105.4713216667","40.3404383333","Erysimum capitatum",NA,"50628","2016-06-17","2016","06","17","false","research"
NA,"https://inaturalist-open-data.s3.amazonaws.com/photos/4034068/medium.jpg","3471735","-105.4720690661","40.340713095","Erysimum capitatum",NA,"50628","2016-06-17","2016","06","17","false","needs_id"
NA,"https://inaturalist-open-data.s3.amazonaws.com/photos/4059646/medium.jpg","3483029","-105.3722012882","39.5006923378","Erysimum capitatum",NA,"50628","2016-06-17","2016","06","17","false","research"
NA,"https://inaturalist-open-data.s3.amazonaws.com/photos/4052517/medium.jpg","3484180","-105.7554499806","40.4233347718","Erysimum",NA,"50630","2016-06-19","2016","06","19","false","needs_id"
NA,"https://inaturalist-open-data.s3.amazonaws.com/photos/4108328/medium.jpg","3527301","-106.989767","38.959158","Erysimum capitatum",NA,"50628","2016-06-26","2016","06","26","false","research"
NA,"https://inaturalist-open-data.s3.amazonaws.com/photos/4108475/medium.jpg","3527389","-106.972911358","38.9617649233","Erysimum capitatum",NA,"50628","2016-06-26","2016","06","26","false","research"
NA,"https://inaturalist-open-data.s3.amazonaws.com/photos/4137884/medium.jpg","3557200","-106.9914783333","38.9518416667","Erysimum capitatum",NA,"50628","2016-06-29","2016","06","29","false","research"
NA,"https://inaturalist-open-data.s3.amazonaws.com/photos/4137891/medium.jpg","3557208","-106.991468221","38.9518479165","Erysimum capitatum",NA,"50628","2016-06-29","2016","06","29","false","research"
NA,"https://inaturalist-open-data.s3.amazonaws.com/photos/4142673/medium.jpg","3567975","-106.9874565584","38.9598116884","Erysimum capitatum",NA,"50628","2016-06-30","2016","06","30","false","research"
NA,"https://inaturalist-open-data.s3.amazonaws.com/photos/4142680/medium.jpg","3567983","-106.9874365256","38.9598537656","Erysimum capitatum",NA,"50628","2016-06-30","2016","06","30","false","research"
NA,"http://static.inaturalist.org/photos/4143181/medium.jpg","3569071","-104.5962715802","38.8562815637","Erysimum capitatum",NA,"50628","2016-06-30","2016","06","30","false","needs_id"
NA,"https://inaturalist-open-data.s3.amazonaws.com/photos/4177842/medium.jpg","3619777","-106.9791208395","38.9802987781","Erysimum capitatum",NA,"50628","2016-07-03","2016","07","03","false","research"
NA,"https://inaturalist-open-data.s3.amazonaws.com/photos/4178266/medium.jpg","3620057","-106.9780021907","38.9779499593","Erysimum capitatum",NA,"50628","2016-07-03","2016","07","03","false","needs_id"
NA,"https://inaturalist-open-data.s3.amazonaws.com/photos/4228788/medium.jpg","3653938","-107.0464034659","38.988896641","Erysimum capitatum",NA,"50628","2016-07-09","2016","07","09","false","research"
NA,"https://inaturalist-open-data.s3.amazonaws.com/photos/4283709/medium.jpeg","3692408","-106.9512596448","38.9679490077","Erysimum capitatum",NA,"50628","2016-07-16","2016","07","16","false","research"
NA,"https://inaturalist-open-data.s3.amazonaws.com/photos/4287545/medium.jpeg","3694989","-105.55667034","40.20234211","Erysimum capitatum",NA,"50628","2016-07-17","2016","07","17","false","research"
NA,"http://static.inaturalist.org/photos/4362329/medium.jpg","3749441","-105.753362","40.424758","Erysimum capitatum",NA,"50628","2016-07-17","2016","07","17","false","needs_id"
NA,"http://static.inaturalist.org/photos/4467094/medium.jpg","3820188","-105.1006778333","38.0592","Erysimum capitatum",NA,"50628","2016-07-22","2016","07","22","false","needs_id"
NA,"https://inaturalist-open-data.s3.amazonaws.com/photos/4527618/medium.jpeg","3863432","-106.9429315534","38.970669983","Erysimum capitatum",NA,"50628","2016-08-11","2016","08","11","false","research"
NA,"https://inaturalist-open-data.s3.amazonaws.com/photos/4593087/medium.jpg","3907717","-105.4448083333","39.848055","Erysimum capitatum",NA,"50628","2016-07-13","2016","07","13","false","research"
NA,"https://inaturalist-open-data.s3.amazonaws.com/photos/5022410/medium.jpeg","4211046","-105.5926208496","40.3992652893","Erysimum",NA,"50630","2014-07-01","2014","07","01","false","needs_id"
NA,"https://inaturalist-open-data.s3.amazonaws.com/photos/5427135/medium.jpg","4492546","-105.3369866667","40.0163138833","Erysimum capitatum",NA,"50628","2016-05-29","2016","05","29","false","research"
NA,"https://inaturalist-open-data.s3.amazonaws.com/photos/6385614/medium.jpg","5177788","-107.2521216667","37.6907616667","Erysimum",NA,"50630","2014-08-29","2014","08","29","false","needs_id"
NA,"https://inaturalist-open-data.s3.amazonaws.com/photos/7054313/medium.jpg","5695124","-105.5490578574","40.380132663","Erysimum capitatum capitatum",NA,"50627","2015-06-25","2015","06","25","false","research"
NA,"https://static.inaturalist.org/photos/7284067/medium.jpg","5851980","-104.7400896537","39.336605144","Erysimum capitatum",NA,"50628","2017-04-16","2017","04","16","false","research"
NA,"https://inaturalist-open-data.s3.amazonaws.com/photos/7318196/medium.jpeg","5874121","-103.9685613159","40.7931068582","Erysimum asperum",NA,"162713","2010-06-03","2010","06","03","false","needs_id"
NA,"https://inaturalist-open-data.s3.amazonaws.com/photos/7646331/medium.jpg","6110299","-105.2316583333","39.93238","Erysimum capitatum",NA,"50628","2017-05-06","2017","05","06","false","research"
NA,"https://inaturalist-open-data.s3.amazonaws.com/photos/7733446/medium.jpg","6166486","-104.8784172535","38.8248310827","Erysimum capitatum",NA,"50628","2017-05-08","2017","05","08","false","needs_id"
NA,"https://inaturalist-open-data.s3.amazonaws.com/photos/7914950/medium.jpg","6288675","-105.2187583333","40.2483466667","Erysimum capitatum",NA,"50628","2017-05-14","2017","05","14","false","research"
NA,"https://static.inaturalist.org/photos/7937296/medium.jpeg","6305144","-105.29035425","39.99035804","Erysimum capitatum",NA,"50628","2017-05-21","2017","05","21","false","research"
NA,"https://inaturalist-open-data.s3.amazonaws.com/photos/8034758/medium.jpeg","6368781","-105.183052063","40.575553894","Erysimum capitatum",NA,"50628","2017-05-17","2017","05","17","false","needs_id"
NA,"https://inaturalist-open-data.s3.amazonaws.com/photos/8177979/medium.jpeg","6467688","-105.550149008","40.2021168335","Erysimum capitatum",NA,"50628","2017-05-30","2017","05","30","false","needs_id"
NA,"https://static.inaturalist.org/photos/8182639/medium.jpeg","6470716","-104.8796920776","38.8642616272","Erysimum capitatum",NA,"50628","2017-05-31","2017","05","31","false","research"
NA,"https://inaturalist-open-data.s3.amazonaws.com/photos/8206944/medium.jpeg","6487907","-104.8763680458","38.8283318603","Erysimum asperum",NA,"162713","2017-05-19","2017","05","19","false","needs_id"
NA,"https://inaturalist-open-data.s3.amazonaws.com/photos/8255174/medium.jpg","6517855","-105.561255","40.3630033333","Erysimum capitatum",NA,"50628","2017-06-05","2017","06","05","false","research"
NA,"https://static.inaturalist.org/photos/8312580/medium.jpg","6555561","-105.4875645114","38.9286647452","Erysimum capitatum",NA,"50628","2017-06-04","2017","06","04","false","research"
NA,"https://inaturalist-open-data.s3.amazonaws.com/photos/8367080/medium.jpeg","6591694","-104.83880156","38.73347305","Erysimum asperum",NA,"162713","2017-06-11","2017","06","11","false","research"
NA,"https://inaturalist-open-data.s3.amazonaws.com/photos/8376835/medium.jpg","6598275","-105.5476563145","40.3080544761","Erysimum capitatum",NA,"50628","2017-06-10","2017","06","10","false","research"
NA,"https://static.inaturalist.org/photos/8377009/medium.jpg","6598449","-105.5185783333","40.0242666667","Erysimum capitatum",NA,"50628","2017-06-10","2017","06","10","false","research"
NA,"https://inaturalist-open-data.s3.amazonaws.com/photos/8377995/medium.jpg","6599033","-105.5404981692","40.3047093004","Erysimum",NA,"50630","2017-06-10","2017","06","10","false","needs_id"
NA,"https://static.inaturalist.org/photos/8458091/medium.jpeg","6674015","-104.8903579712","38.9450492859","Erysimum capitatum",NA,"50628","2017-06-12","2017","06","12","false","research"
NA,"https://inaturalist-open-data.s3.amazonaws.com/photos/8474194/medium.jpg","6684455","-107.0282786061","38.9458307578","Erysimum",NA,"50630","2017-06-15","2017","06","15","false","needs_id"
NA,"https://inaturalist-open-data.s3.amazonaws.com/photos/8485644/medium.jpg","6691516","-104.8892865703","38.9452086529","Erysimum",NA,"50630","2017-06-17","2017","06","17","false","needs_id"
NA,"https://inaturalist-open-data.s3.amazonaws.com/photos/8485693/medium.jpg","6691546","-104.8892277294","38.9452253748","Erysimum",NA,"50630","2017-06-17","2017","06","17","false","needs_id"
NA,"https://inaturalist-open-data.s3.amazonaws.com/photos/8486688/medium.jpeg","6692447","-104.88622753","38.94899888","Erysimum capitatum",NA,"50628","2017-06-17","2017","06","17","false","research"
NA,"https://inaturalist-open-data.s3.amazonaws.com/photos/8493106/medium.jpg","6696904","-106.98665265","38.9504525811","Erysimum capitatum",NA,"50628","2017-06-17","2017","06","17","false","research"
NA,"https://inaturalist-open-data.s3.amazonaws.com/photos/8532156/medium.jpg","6722132","-104.971802","38.039656","Erysimum capitatum",NA,"50628","2017-06-18","2017","06","18","false","research"
NA,"https://inaturalist-open-data.s3.amazonaws.com/photos/8535456/medium.jpg","6724258","-106.9934175165","38.9644079889","Erysimum capitatum",NA,"50628","2017-06-19","2017","06","19","false","research"
NA,"https://static.inaturalist.org/photos/8562650/medium.jpg","6742329","-106.988761034","38.9597620676","Erysimum capitatum",NA,"50628","2017-06-21","2017","06","21","false","research"
NA,"https://static.inaturalist.org/photos/8581699/medium.jpg","6754413","-106.9653333333","38.9217833333","Erysimum capitatum",NA,"50628","2017-06-21","2017","06","21","false","research"
NA,"https://inaturalist-open-data.s3.amazonaws.com/photos/8603556/medium.jpg","6769628","-106.978409635","38.978224718","Erysimum capitatum",NA,"50628","2017-06-23","2017","06","23","false","research"
NA,"https://inaturalist-open-data.s3.amazonaws.com/photos/8603685/medium.jpg","6769709","-106.9792520163","38.9799078042","Erysimum capitatum",NA,"50628","2017-06-23","2017","06","23","false","research"
NA,"https://inaturalist-open-data.s3.amazonaws.com/photos/8638395/medium.jpeg","6792613","-105.179654136","40.5315205784","Erysimum asperum",NA,"162713","2017-06-23","2017","06","23","false","needs_id"
NA,"https://inaturalist-open-data.s3.amazonaws.com/photos/8642221/medium.jpg","6794900","-106.969949361","38.9662194439","Erysimum capitatum",NA,"50628","2017-06-25","2017","06","25","false","research"
NA,"https://inaturalist-open-data.s3.amazonaws.com/photos/8684479/medium.jpg","6822128","-104.8414685671","38.721046513","Erysimum capitatum",NA,"50628","2017-06-24","2017","06","24","false","research"
NA,"https://inaturalist-open-data.s3.amazonaws.com/photos/8688084/medium.jpg","6824626","-106.9791896549","38.950950969","Erysimum capitatum",NA,"50628","2017-06-27","2017","06","27","false","research"
NA,"https://inaturalist-open-data.s3.amazonaws.com/photos/8803044/medium.jpeg","6898375","-105.6145119667","40.3732609487","Erysimum capitatum capitatum",NA,"50627","2017-06-29","2017","06","29","false","needs_id"
NA,"https://inaturalist-open-data.s3.amazonaws.com/photos/8818642/medium.jpeg","6908331","-105.50904449","39.9784910229","Erysimum capitatum",NA,"50628","2017-06-18","2017","06","18","false","research"
NA,"https://static.inaturalist.org/photos/8823942/medium.jpg","6911764","-105.2242321988","38.9991755365","Erysimum capitatum",NA,"50628","2017-07-03","2017","07","03","false","research"
NA,"https://static.inaturalist.org/photos/8977147/medium.jpg","7005763","-105.3635700234","39.8560455535","Erysimum capitatum",NA,"50628","2017-07-10","2017","07","10","false","research"
NA,"https://inaturalist-open-data.s3.amazonaws.com/photos/8997343/medium.jpg","7017798","-105.4260362406","39.8588937661","Erysimum capitatum",NA,"50628","2017-07-11","2017","07","11","false","research"
NA,"https://inaturalist-open-data.s3.amazonaws.com/photos/9010703/medium.jpg","7026194","-107.0003429801","38.9788456075","Erysimum capitatum",NA,"50628","2017-07-09","2017","07","09","false","research"
NA,"https://inaturalist-open-data.s3.amazonaws.com/photos/9010759/medium.jpg","7026223","-107.0400870313","38.9988921024","Erysimum capitatum",NA,"50628","2017-07-10","2017","07","10","false","research"
NA,"https://inaturalist-open-data.s3.amazonaws.com/photos/9010827/medium.jpg","7026250","-107.0451818873","38.996406449","Erysimum capitatum",NA,"50628","2017-07-10","2017","07","10","false","research"
NA,"https://inaturalist-open-data.s3.amazonaws.com/photos/9016966/medium.jpg","7029631","-105.4519896303","39.8756143218","Erysimum capitatum",NA,"50628","2017-07-12","2017","07","12","false","needs_id"
NA,"https://inaturalist-open-data.s3.amazonaws.com/photos/9170527/medium.jpg","7127279","-105.6193588897","40.396820992","Erysimum capitatum",NA,"50628","2017-07-19","2017","07","19","false","research"
