id,observed_on_string,observed_on,time_observed_at,time_zone,user_id,user_login,created_at,updated_at,quality_grade,license,url,image_url,sound_url,tag_list,description,num_identification_agreements,num_identification_disagreements,captive_cultivated,oauth_application_id,place_guess,latitude,longitude,positional_accuracy,private_place_guess,private_latitude,private_longitude,public_positional_accuracy,geoprivacy,taxon_geoprivacy,coordinates_obscured,positioning_method,positioning_device,species_guess,scientific_name,common_name,iconic_taxon_name,taxon_id
313404,Sun Jun 16 2013 10:58:18 GMT-0600 (MDT),2013-06-16,2013-06-16 16:58:18 UTC,Mountain Time (US & Canada),8330,jennyk,2013-06-27 14:10:47 UTC,2014-10-25 20:53:20 UTC,research,CC-BY,http://www.inaturalist.org/observations/313404,http://static.inaturalist.org/photos/389995/medium.jpg,,"",Along path,1,0,false,,"Rocky Mountain National Park, Estes Park, Colorado, US",40.349791,-105.615871,5,,,,5,,,false,,,Western Wallflower,Erysimum capitatum,Western Wallflower,Plantae,50628
314207,Thu Jun 27 2013 16:32:37 GMT-0600 (MDT),2013-06-27,2013-06-27 22:32:37 UTC,Mountain Time (US & Canada),8330,jennyk,2013-06-28 03:34:08 UTC,2020-02-25 19:47:57 UTC,research,CC-BY,http://www.inaturalist.org/observations/314207,http://static.inaturalist.org/photos/389990/medium.jpg,,"","",1,0,false,,"Rocky Mountain, Rocky Mountain National Park, Boulder County, US-CO, US",40.207593,-105.567606,5,,,,5,,,false,,,western wallflower,Erysimum capitatum,Western Wallflower,Plantae,50628
315880,Sat Jun 29 2013 09:50:21 GMT-0600 (MDT),2013-06-29,2013-06-29 15:50:21 UTC,Mountain Time (US & Canada),8330,jennyk,2013-06-30 01:42:18 UTC,2021-06-30 17:18:18 UTC,needs_id,CC-BY,http://www.inaturalist.org/observations/315880,http://static.inaturalist.org/photos/392231/medium.jpg,,"","",1,0,false,,"Rocky Mountain, Rocky Mountain National Park, Boulder County, US-CO, US",40.20641,-105.548362,10,,,,10,,,false,,,western wallflower,Erysimum capitatum,Western Wallflower,Plantae,50628
321416,Wed Jul 03 2013 08:00:42 GMT-0600 (MDT),2013-07-03,2013-07-03 14:00:42 UTC,Mountain Time (US & Canada),8330,jennyk,2013-07-05 17:08:28 UTC,2017-12-16 21:06:14 UTC,needs_id,CC-BY,http://www.inaturalist.org/observations/321416,http://static.inaturalist.org/photos/994539/medium.jpg,,"","",2,0,false,,"Rocky Mountain, Rocky Mountain National Park, Rocky Mountain National Park, Larimer County, US-CO, US",40.396798,-105.634996,5,,,,5,,,false,,,Wallflowers,Erysimum,Wallflowers,Plantae,50630
321460,Wed Jul 03 2013 12:14:36 GMT-0600 (MDT),2013-07-03,2013-07-03 18:14:36 UTC,Mountain Time (US & Canada),8330,jennyk,2013-07-05 17:08:44 UTC,2018-01-16 23:45:33 UTC,needs_id,CC-BY,http://www.inaturalist.org/observations/321460,http://static.inaturalist.org/photos/994579/medium.jpg,,"",Medicine now curve,1,0,false,,"Rocky Mountain, Rocky Mountain National Park, Rocky Mountain National Park, Larimer County, US-CO, US",40.447318,-105.753843,5,,,,5,,,false,,,Wallflowers,Erysimum,Wallflowers,Plantae,50630
324023,Sat Jul 06 2013 12:38:08 GMT-0600 (MDT),2013-07-06,2013-07-06 18:38:08 UTC,Mountain Time (US & Canada),8330,jennyk,2013-07-07 19:32:53 UTC,2016-03-25 22:22:44 UTC,needs_id,CC-BY,http://www.inaturalist.org/observations/324023,http://static.inaturalist.org/photos/994663/medium.jpg,,"","",0,0,false,3,"Rocky Mountain, Rocky Mountain National Park, Rocky Mountain National Park, Larimer County, US-CO, US",40.443007,-105.74193,5,,,,5,,,false,,,Westernwallflower,Erysimum capitatum,Western Wallflower,Plantae,50628
331246,2006-06-03,2006-06-03,,Central Time (US & Canada),9531,kucycads,2013-07-13 15:06:07 UTC,2021-03-26 22:00:49 UTC,research,CC-BY-NC,http://www.inaturalist.org/observations/331246,https://inaturalist-open-data.s3.amazonaws.com/photos/413223/medium.JPG,,"","",1,0,false,,Rocky Mountain National Park,40.285128,-105.688179,34114,,,,34114,,,false,,,western wallflower,Erysimum capitatum,Western Wallflower,Plantae,50628
426105,2010-06-09 07:15:25,2010-06-09,2010-06-09 14:15:25 UTC,Pacific Time (US & Canada),3494,damontighe,2013-10-12 00:19:36 UTC,2014-10-25 20:40:02 UTC,research,CC-BY-NC,http://www.inaturalist.org/observations/426105,http://static.inaturalist.org/photos/536698/medium.jpg,,"","Sanddune wallflower (Erysimum capitatum), Rocky Mountains National Park, Colorado",1,0,false,,"Colorado, United States",40.349913,-105.65522,,,,,,,,false,,"",Western Wallflower,Erysimum capitatum,Western Wallflower,Plantae,50628
729268,Mon Jun 09 2014 15:43:43 GMT-0600 (MDT),2014-06-09,2014-06-09 21:43:43 UTC,Mountain Time (US & Canada),40679,whitcoombs,2014-06-10 16:18:14 UTC,2021-06-18 20:24:31 UTC,research,CC-BY-NC,http://www.inaturalist.org/observations/729268,https://inaturalist-open-data.s3.amazonaws.com/photos/916170/medium.jpg,,"",,2,0,false,3,"80302, Boulder, CO, US",39.95003,-105.2700283333,,,,,,,,false,,,western wallflower,Erysimum capitatum,Western Wallflower,Plantae,50628
763348,2014-06-22 10:55:39,2014-06-22,2014-06-22 15:55:39 UTC,Central Time (US & Canada),23016,knightericm,2014-07-02 01:49:53 UTC,2014-10-19 03:20:35 UTC,needs_id,CC-BY-NC,http://www.inaturalist.org/observations/763348,http://static.inaturalist.org/photos/960470/medium.jpg,,"","",0,0,false,,Ophir Pass,37.851089,-107.771437,52,,,,52,,,false,,,Erysimum amoenum,Erysimum capitatum purshii,,Plantae,80890
1405435,Sat Apr 18 2015 13:55:02 GMT-0600 (MDT),2015-04-18,2015-04-18 19:55:02 UTC,Mountain Time (US & Canada),32543,rmssn,2015-04-19 15:04:45 UTC,2019-02-27 06:21:43 UTC,needs_id,CC-BY-NC,http://www.inaturalist.org/observations/1405435,https://inaturalist-open-data.s3.amazonaws.com/photos/1738579/medium.jpg,,"",Yellow four petals single leaf pattern velvet like leaves,1,0,false,3,"Larimer County, US-CO, US",40.423891,-105.219237,173,,,,173,,,false,,,western wallflower,Erysimum capitatum,Western Wallflower,Plantae,50628
1405447,Sat Apr 18 2015 14:53:10 GMT-0600 (MDT),2015-04-18,2015-04-18 20:53:10 UTC,Mountain Time (US & Canada),32543,rmssn,2015-04-19 15:04:48 UTC,2016-03-26 00:46:35 UTC,needs_id,CC-BY-NC,http://www.inaturalist.org/observations/1405447,https://inaturalist-open-data.s3.amazonaws.com/photos/1738595/medium.jpg,,,Yellow four petals,0,0,false,3,"3154 N County Road 31D, Loveland, CO, US",40.423681,-105.219252,181,,,,181,,,false,,,flower,Erysimum asperum,Prairie-rocket Wallflower,Plantae,162713
1650392,Sun Jun 14 2015 12:01:50 GMT-0600 (MDT),2015-06-14,2015-06-14 18:01:50 UTC,Mountain Time (US & Canada),107784,kimhindman,2015-06-20 16:20:48 UTC,2018-01-16 21:42:34 UTC,needs_id,CC-BY-NC,http://www.inaturalist.org/observations/1650392,https://inaturalist-open-data.s3.amazonaws.com/photos/2833640/medium.jpg,,"",,1,0,false,3,"80517, Estes Park, CO, US",40.308686,-105.541105,30,,,,30,,,false,,,Wallflowers,Erysimum,Wallflowers,Plantae,50630
1675059,2015-06-15 11:46:28,2015-06-15,2015-06-15 15:46:28 UTC,Eastern Time (US & Canada),40726,caseyzill,2015-06-23 12:50:23 UTC,2017-06-24 01:16:20 UTC,needs_id,CC-BY-NC,http://www.inaturalist.org/observations/1675059,https://inaturalist-open-data.s3.amazonaws.com/photos/2037767/medium.JPG,,"","",0,0,false,,"Trail Ridge Road, CO",40.393306,-105.708575,20299,,,,20299,,,false,,,Western Wallflower,Erysimum capitatum,Western Wallflower,Plantae,50628
1696836,Sat Jun 20 2015 10:36:40 GMT-0600 (MDT),2015-06-20,2015-06-20 16:36:40 UTC,Mountain Time (US & Canada),45457,jennykarraker,2015-06-27 13:53:42 UTC,2019-06-25 00:52:01 UTC,needs_id,,http://www.inaturalist.org/observations/1696836,http://static.inaturalist.org/photos/2054811/medium.jpg,,"",Deer mountain trail,1,0,false,3,"Rocky Mountain, Rocky Mountain National Park, Rocky Mountain National Park, Larimer County, US-CO, US",40.386179,-105.601565,5,,,,5,,,false,,,flowering plants,Erysimum,Wallflowers,Plantae,50630
1773090,Fri Jul 17 2015 12:10:02 GMT-0600 (MDT),2015-07-17,2015-07-17 18:10:02 UTC,Mountain Time (US & Canada),77637,laceypantalones,2015-07-17 19:50:41 UTC,2018-07-23 03:14:08 UTC,research,CC-BY-NC,http://www.inaturalist.org/observations/1773090,https://inaturalist-open-data.s3.amazonaws.com/photos/2145007/medium.jpg,,"",Cultivated,1,0,false,3,"White River National Forest, Aspen, CO, US",39.168501,-106.878601,5,,,,5,,,false,,,western wallflower,Erysimum capitatum,Western Wallflower,Plantae,50628
1774795,Thu Jun 25 2015 15:02:27 GMT-0500 (CDT),2015-06-25,2015-06-25 20:02:27 UTC,Central Time (US & Canada),113157,liapun312,2015-07-18 02:48:44 UTC,2020-02-27 17:53:51 UTC,research,CC-BY-NC,http://www.inaturalist.org/observations/1774795,https://inaturalist-open-data.s3.amazonaws.com/photos/2147612/medium.jpg,,"",,0,0,false,3,"Golden Gate Canyon State Park, Golden, CO, US",39.8773533333,-105.4357383333,,,,,,,,false,,,western wallflower,Erysimum capitatum,Western Wallflower,Plantae,50628
1774796,Wed Jun 24 2015 13:30:49 GMT-0500 (CDT),2015-06-24,2015-06-24 18:30:49 UTC,Central Time (US & Canada),113157,liapun312,2015-07-18 02:48:44 UTC,2020-02-25 21:04:27 UTC,research,CC-BY-NC,http://www.inaturalist.org/observations/1774796,https://inaturalist-open-data.s3.amazonaws.com/photos/2147613/medium.jpg,,"",,0,0,false,3,"1195 Kneale Rd, Boulder, CO, US",39.9257916667,-105.2953033333,,,,,,,,false,,,Sanddune wallflower,Erysimum capitatum capitatum,,Plantae,50627
1862430,Wed Aug 05 2015 11:38:30 GMT-0600 (MDT),2015-08-05,2015-08-05 17:38:30 UTC,Mountain Time (US & Canada),100315,apcorboy,2015-08-15 00:06:00 UTC,2019-06-05 15:08:12 UTC,research,CC-BY-NC,http://www.inaturalist.org/observations/1862430,https://inaturalist-open-data.s3.amazonaws.com/photos/2266143/medium.jpg,,"","",1,0,false,3,"Ridge Rd, Beulah, CO, US",38.039093,-104.970202,65,,,,65,,,false,,"",western wallflower,Erysimum capitatum,Western Wallflower,Plantae,50628
1903568,Sat Aug 29 2015 16:39:05 GMT-0600 (MDT),2015-08-29,2015-08-29 22:39:05 UTC,Mountain Time (US & Canada),100315,apcorboy,2015-08-30 02:08:58 UTC,2019-06-05 15:08:07 UTC,research,CC-BY-NC,http://www.inaturalist.org/observations/1903568,https://inaturalist-open-data.s3.amazonaws.com/photos/2323147/medium.jpg,,"","",1,0,false,3,"Ridge Rd, Beulah, CO, US",38.039147,-104.970206,165,,,,165,,,false,,"",western wallflower,Erysimum capitatum,Western Wallflower,Plantae,50628
3065813,2016-04-25,2016-04-25,,Mountain Time (US & Canada),8614,bug_eric,2016-04-30 19:50:58 UTC,2016-05-05 03:20:34 UTC,research,CC-BY,http://www.inaturalist.org/observations/3065813,http://static.inaturalist.org/photos/3532019/medium.jpg,,"plants, flowers, wildflowers, wallflowers, Western Wallflower, Erysimum capitatum, Castlewood Canyon State Park, Colorado, USA, North America","One of only a few specimens observed atop the rocky plateau that is the north rim of the canyon, western half.",1,0,false,,Castlewood Canyon State Park,39.33043,-104.743824,51,,,,51,,,false,,,Western Wallflower,Erysimum capitatum,Western Wallflower,Plantae,50628
3123926,2009-05-30 09:54:26,2009-05-30,2009-05-30 13:54:26 UTC,Eastern Time (US & Canada),192858,krosenthal,2016-05-08 06:03:05 UTC,2017-12-09 01:07:02 UTC,research,CC-BY-NC,http://www.inaturalist.org/observations/3123926,https://inaturalist-open-data.s3.amazonaws.com/photos/3613701/medium.JPG,,"",,2,0,false,,Ralston Butte,39.849987,-105.267212,2487,,,,2487,,,false,,,western wallflower,Erysimum capitatum,Western Wallflower,Plantae,50628
3193248,2016-05-15 10:35:44 AM MDT,2016-05-15,2016-05-15 16:35:44 UTC,Mountain Time (US & Canada),235047,kmskoog,2016-05-17 03:43:32 UTC,2016-07-19 22:16:09 UTC,research,CC-BY-NC,http://www.inaturalist.org/observations/3193248,https://inaturalist-open-data.s3.amazonaws.com/photos/3696395/medium.jpeg,,"",Four petals flower 3/4 inches in diameter. Leaves alternating simple. Might be the same as recorded earlier.,1,0,false,2,"Fremont County, US-CO, US",38.41675211,-105.71877646,10,,,,10,,,false,,,Western Wallflower,Erysimum capitatum,Western Wallflower,Plantae,50628
3197539,Sat May 14 2016 14:03:51 GMT-0600 (MDT),2016-05-14,2016-05-14 20:03:51 UTC,Mountain Time (US & Canada),235692,katrina10,2016-05-17 15:28:52 UTC,2018-10-10 03:45:44 UTC,needs_id,,http://www.inaturalist.org/observations/3197539,http://static.inaturalist.org/photos/3700176/medium.jpg,,"",,1,0,false,3,"Fremont County, US-CO, US",38.4139797651,-105.7039906272,5,,,,5,,,false,,,Wallflowers,Erysimum,Wallflowers,Plantae,50630
3301353,Wed May 25 2016 12:13:41 GMT-0600 (MDT),2016-05-25,2016-05-25 18:13:41 UTC,Mountain Time (US & Canada),207905,susan_panjabi,2016-05-25 21:14:49 UTC,2016-05-25 21:32:49 UTC,research,CC-BY-NC,http://www.inaturalist.org/observations/3301353,https://inaturalist-open-data.s3.amazonaws.com/photos/3815467/medium.jpg,,,,1,0,false,3,"Larimer County, US-CO, US",40.4801477725,-105.1277615224,5,,,,5,,,false,,,Erysimum capitatum,Erysimum capitatum,Western Wallflower,Plantae,50628
3323700,2016-05-20,2016-05-20,,Mountain Time (US & Canada),8614,bug_eric,2016-05-28 17:28:16 UTC,2016-05-28 17:28:46 UTC,needs_id,CC-BY,http://www.inaturalist.org/observations/3323700,http://static.inaturalist.org/photos/3839888/medium.jpg,,"plants, flowers, wildflowers, botany, Western Wallflower, Erysimum capitatum, Cheyenne Mountain State Park, Colorado, Front Range, Rocky Mountains, USA, North America","Fairly large, yellow flowers as shown.  Common on south-facing hillsides in mountain foothills.",0,0,false,,Cheyenne Mountain State Park,38.735924,-104.820401,,,,,,,,false,,,Western Wallflower,Erysimum capitatum,Western Wallflower,Plantae,50628
3404801,Tue Jun 07 2016 14:54:10 GMT-0600 (MDT),2016-06-07,2016-06-07 20:54:10 UTC,Mountain Time (US & Canada),252380,ecosenga,2016-06-07 22:38:06 UTC,2016-06-07 22:38:12 UTC,needs_id,CC-BY-NC,http://www.inaturalist.org/observations/3404801,https://inaturalist-open-data.s3.amazonaws.com/photos/3940795/medium.jpg,,,,0,0,false,3,"Garfield County, US-CO, US",39.4733939879,-107.2218214442,5,,,,5,,,false,,,Wallflower,Erysimum,Wallflowers,Plantae,50630
3405648,Tue Jun 07 2016 14:46:11 GMT-0600 (MDT),2016-06-07,2016-06-07 20:46:11 UTC,Mountain Time (US & Canada),253870,afielder,2016-06-08 00:37:08 UTC,2016-06-08 01:44:37 UTC,needs_id,CC-BY-NC,http://www.inaturalist.org/observations/3405648,https://inaturalist-open-data.s3.amazonaws.com/photos/3941865/medium.jpg,,,,0,0,false,3,"Garfield County, US-CO, US",39.4726838312,-107.2237942928,5,,,,5,,,false,,,Erysimum capitatum,Erysimum capitatum,Western Wallflower,Plantae,50628
3405856,2016-06-03 18:59,2016-06-03,2016-06-03 23:59:00 UTC,Central Time (US & Canada),100315,apcorboy,2016-06-08 01:11:27 UTC,2017-01-20 00:16:55 UTC,research,CC-BY-NC,http://www.inaturalist.org/observations/3405856,https://inaturalist-open-data.s3.amazonaws.com/photos/3942074/medium.jpg,,"","",1,0,false,,"8577 Ridge Rd, Beulah, CO, US",38.039216,-104.969917,100000,,,,100000,,,false,,,Western Wallflower,Erysimum capitatum,Western Wallflower,Plantae,50628
3414251,Wed Jun 08 2016 11:38:21 GMT-0600 (MDT),2016-06-08,2016-06-08 17:38:21 UTC,Mountain Time (US & Canada),186986,sarah53,2016-06-09 00:44:58 UTC,2016-06-09 00:45:44 UTC,needs_id,,http://www.inaturalist.org/observations/3414251,http://static.inaturalist.org/photos/3952780/medium.jpg,,,,0,0,false,3,"Garfield County, US-CO, US",39.4722169172,-107.2222788447,5,,,,5,,,false,,,Wallflower,Erysimum,Wallflowers,Plantae,50630
3414320,2016-06-08 10:59:08 AM MDT,2016-06-08,2016-06-08 16:59:08 UTC,Mountain Time (US & Canada),200298,djulialda,2016-06-09 00:55:31 UTC,2016-06-13 16:30:40 UTC,needs_id,CC-BY-NC,http://www.inaturalist.org/observations/3414320,https://inaturalist-open-data.s3.amazonaws.com/photos/3953031/medium.jpeg,,"",Sv1-lr1-f,0,0,false,2,"Garfield County, US-CO, US",39.47336174,-107.22176064,6,,,,6,,,false,,,Western Wallflower,Erysimum capitatum,Western Wallflower,Plantae,50628
3414392,2016-06-07 3:13:27 PM MDT,2016-06-07,2016-06-07 21:13:27 UTC,Mountain Time (US & Canada),247606,blaise2,2016-06-09 00:59:39 UTC,2016-06-09 01:08:05 UTC,needs_id,,http://www.inaturalist.org/observations/3414392,http://static.inaturalist.org/photos/3953039/medium.jpeg,,,,0,0,false,2,"Garfield County, US-CO, US",39.47130595,-107.2230558,6,,,,6,,,false,,,erysimum spp,Erysimum,Wallflowers,Plantae,50630
3450972,2016-06-08,2016-06-08,,Mountain Time (US & Canada),216257,mackenzie8,2016-06-13 18:59:27 UTC,2018-07-10 04:00:02 UTC,needs_id,CC-BY,http://www.inaturalist.org/observations/3450972,https://inaturalist-open-data.s3.amazonaws.com/photos/4003660/medium.jpg,,"",Indian or Globe Mallow Flower maybe?,1,0,false,,"CSU Mountain Campus Larimer County, CO",40.695557,-105.594339,70388,,,,70388,,,false,,,Wallflowers,Erysimum capitatum,Western Wallflower,Plantae,50628
3471383,Fri Jun 17 2016 06:36:31 GMT-0600 (MDT),2016-06-17,2016-06-17 12:36:31 UTC,Mountain Time (US & Canada),19846,forester93,2016-06-17 14:16:26 UTC,2017-12-14 18:07:20 UTC,research,CC-BY-NC,http://www.inaturalist.org/observations/3471383,https://inaturalist-open-data.s3.amazonaws.com/photos/4033595/medium.jpg,,"",,1,0,false,3,"Larimer County, US-CO, US",40.3404383333,-105.4713216667,,,,,,,,false,,,western wallflower,Erysimum capitatum,Western Wallflower,Plantae,50628
3471735,Fri Jun 17 2016 07:38:38 GMT-0600 (MDT),2016-06-17,2016-06-17 13:38:38 UTC,Mountain Time (US & Canada),19846,forester93,2016-06-17 15:03:44 UTC,2018-11-14 21:15:43 UTC,needs_id,CC-BY-NC,http://www.inaturalist.org/observations/3471735,https://inaturalist-open-data.s3.amazonaws.com/photos/4034068/medium.jpg,,"",,1,0,false,3,"Larimer County, US-CO, US",40.340713095,-105.4720690661,5,,,,5,,,false,,,flowering plants,Erysimum capitatum,Western Wallflower,Plantae,50628
3483029,Fri Jun 17 2016 06:29:26 GMT-0600 (MDT),2016-06-17,2016-06-17 12:29:26 UTC,Mountain Time (US & Canada),107855,j_thompson,2016-06-19 18:10:51 UTC,2020-02-27 16:09:17 UTC,research,CC-BY-NC,http://www.inaturalist.org/observations/3483029,https://inaturalist-open-data.s3.amazonaws.com/photos/4059646/medium.jpg,,"",,0,0,false,3,"Jefferson County, US-CO, US",39.5006923378,-105.3722012882,5,,,,5,,,false,,,western wallflower,Erysimum capitatum,Western Wallflower,Plantae,50628
3484180,Sun Jun 19 2016 13:08:05 GMT-0600 (MDT),2016-06-19,2016-06-19 19:08:05 UTC,Mountain Time (US & Canada),232182,surabi,2016-06-19 21:28:23 UTC,2016-08-18 20:27:36 UTC,needs_id,CC-BY-NC,http://www.inaturalist.org/observations/3484180,https://inaturalist-open-data.s3.amazonaws.com/photos/4052517/medium.jpg,,,,1,0,false,3,"Rocky Mountain, Rocky Mountain National Park, Rocky Mountain National Park, Larimer County, US-CO, US",40.4233347718,-105.7554499806,5,,,,5,,,false,,,Wallflowers,Erysimum,Wallflowers,Plantae,50630
3527301,Sun Jun 26 2016 09:02:11 GMT-0600 (MDT),2016-06-26,2016-06-26 15:02:11 UTC,Mountain Time (US & Canada),153596,rosemary_smith,2016-06-26 17:07:56 UTC,2016-07-03 21:13:10 UTC,research,CC-BY-NC,http://www.inaturalist.org/observations/3527301,https://inaturalist-open-data.s3.amazonaws.com/photos/4108328/medium.jpg,,"","",2,0,false,3,"Gothic, Colorado",38.959158,-106.989767,,,,,,,,false,,,Western Wallflower,Erysimum capitatum,Western Wallflower,Plantae,50628
3527389,Sun Jun 26 2016 08:54:37 GMT-0600 (MDT),2016-06-26,2016-06-26 14:54:37 UTC,Mountain Time (US & Canada),134479,rick_williams,2016-06-26 17:21:24 UTC,2016-06-27 14:48:42 UTC,research,CC-BY-NC,http://www.inaturalist.org/observations/3527389,https://inaturalist-open-data.s3.amazonaws.com/photos/4108475/medium.jpg,,,,1,0,false,3,"Gunnison County, US-CO, US",38.9617649233,-106.972911358,5,,,,5,,,false,,,Western Wallflower,Erysimum capitatum,Western Wallflower,Plantae,50628
3557200,Wed Jun 29 2016 13:52:38 GMT-0600 (MDT),2016-06-29,2016-06-29 19:52:38 UTC,Mountain Time (US & Canada),266219,rosawoodsii,2016-06-29 21:08:10 UTC,2016-06-30 14:05:28 UTC,research,CC-BY,http://www.inaturalist.org/observations/3557200,https://inaturalist-open-data.s3.amazonaws.com/photos/4137884/medium.jpg,,"","",1,0,false,3,"Gunnison County, US-CO, US",38.9518416667,-106.9914783333,,,,,,,,false,,,Western Wallflower,Erysimum capitatum,Western Wallflower,Plantae,50628
3557208,Wed Jun 29 2016 13:53:20 GMT-0600 (MDT),2016-06-29,2016-06-29 19:53:20 UTC,Mountain Time (US & Canada),266219,rosawoodsii,2016-06-29 21:08:17 UTC,2016-06-30 14:07:03 UTC,research,CC-BY,http://www.inaturalist.org/observations/3557208,https://inaturalist-open-data.s3.amazonaws.com/photos/4137891/medium.jpg,,"","",1,0,false,3,"Gunnison County, US-CO, US",38.9518479165,-106.991468221,5,,,,5,,,false,,,Western Wallflower,Erysimum capitatum,Western Wallflower,Plantae,50628
3567975,Thu Jun 30 2016 08:33:42 GMT-0600 (MDT),2016-06-30,2016-06-30 14:33:42 UTC,Mountain Time (US & Canada),260904,irinachen,2016-06-30 14:33:56 UTC,2016-07-02 13:04:19 UTC,research,CC-BY-NC,http://www.inaturalist.org/observations/3567975,https://inaturalist-open-data.s3.amazonaws.com/photos/4142673/medium.jpg,,,,2,0,false,3,"Gunnison National Forest, Crested Butte, CO, US",38.9598116884,-106.9874565584,5,,,,5,,,false,,,Western Wallflower,Erysimum capitatum,Western Wallflower,Plantae,50628
3567983,Thu Jun 30 2016 08:33:57 GMT-0600 (MDT),2016-06-30,2016-06-30 14:33:57 UTC,Mountain Time (US & Canada),260904,irinachen,2016-06-30 14:36:31 UTC,2016-07-02 13:04:11 UTC,research,CC-BY-NC,http://www.inaturalist.org/observations/3567983,https://inaturalist-open-data.s3.amazonaws.com/photos/4142680/medium.jpg,,,,2,0,false,3,"Gunnison National Forest, Crested Butte, CO, US",38.9598537656,-106.9874365256,5,,,,5,,,false,,,Western Wallflower,Erysimum capitatum,Western Wallflower,Plantae,50628
3569071,Thu Jun 30 2016 09:36:35 GMT-0600 (MDT),2016-06-30,2016-06-30 15:36:35 UTC,Mountain Time (US & Canada),261421,smilito,2016-06-30 15:56:52 UTC,2017-06-24 01:20:01 UTC,needs_id,,http://www.inaturalist.org/observations/3569071,http://static.inaturalist.org/photos/4143181/medium.jpg,,"",Mustard family,0,0,false,3,"80929, Colorado Springs, CO, US",38.8562815637,-104.5962715802,5,,,,5,,,false,,,Western Wallflower,Erysimum capitatum,Western Wallflower,Plantae,50628
3619777,Sun Jul 03 2016 10:24:20 GMT-0600 (MDT),2016-07-03,2016-07-03 16:24:20 UTC,Mountain Time (US & Canada),153596,rosemary_smith,2016-07-04 14:34:48 UTC,2016-07-04 16:28:46 UTC,research,CC-BY-NC,http://www.inaturalist.org/observations/3619777,https://inaturalist-open-data.s3.amazonaws.com/photos/4177842/medium.jpg,,,,1,0,false,3,"Gunnison National Forest, Crested Butte, CO, US",38.9802987781,-106.9791208395,5,,,,5,,,false,,,Western Wallflower,Erysimum capitatum,Western Wallflower,Plantae,50628
3620057,Sun Jul 03 2016 09:29:01 GMT-0600 (MDT),2016-07-03,2016-07-03 15:29:01 UTC,Mountain Time (US & Canada),134479,rick_williams,2016-07-04 15:25:50 UTC,2016-07-04 15:26:01 UTC,needs_id,CC-BY-NC,http://www.inaturalist.org/observations/3620057,https://inaturalist-open-data.s3.amazonaws.com/photos/4178266/medium.jpg,,,,0,0,false,3,"Gunnison County, US-CO, US",38.9779499593,-106.9780021907,5,,,,5,,,false,,,Western Wallflower,Erysimum capitatum,Western Wallflower,Plantae,50628
3653938,Sat Jul 09 2016 12:36:48 GMT-0600 (MDT),2016-07-09,2016-07-09 18:36:48 UTC,Mountain Time (US & Canada),153596,rosemary_smith,2016-07-10 15:50:52 UTC,2016-07-11 15:45:41 UTC,research,CC-BY-NC,http://www.inaturalist.org/observations/3653938,https://inaturalist-open-data.s3.amazonaws.com/photos/4228788/medium.jpg,,,,1,0,false,3,"Gunnison County, US-CO, US",38.988896641,-107.0464034659,5,,,,5,,,false,,,Western Wallflower,Erysimum capitatum,Western Wallflower,Plantae,50628
3692408,Sat Jul 16 2016 11:45:16 GMT-0600 (MDT),2016-07-16,2016-07-16 17:45:16 UTC,Mountain Time (US & Canada),134479,rick_williams,2016-07-17 14:39:16 UTC,2016-07-17 20:58:04 UTC,research,CC-BY-NC,http://www.inaturalist.org/observations/3692408,https://inaturalist-open-data.s3.amazonaws.com/photos/4283709/medium.jpeg,,,,1,0,false,3,"Gunnison County, US-CO, US",38.9679490077,-106.9512596448,10,,,,10,,,false,,,Western Wallflower,Erysimum capitatum,Western Wallflower,Plantae,50628
3694989,2016-07-17 10:33:13 AM MDT,2016-07-17,2016-07-17 16:33:13 UTC,Mountain Time (US & Canada),74235,joed,2016-07-17 23:01:27 UTC,2020-02-27 19:17:31 UTC,research,CC0,http://www.inaturalist.org/observations/3694989,https://inaturalist-open-data.s3.amazonaws.com/photos/4287545/medium.jpeg,,"",,1,0,false,2,"Rocky Mountain, Rocky Mountain National Park, Boulder County, US-CO, US",40.20234211,-105.55667034,14,,,,14,,,false,,,western wallflower,Erysimum capitatum,Western Wallflower,Plantae,50628
3749441,2016-07-17 09:40:13,2016-07-17,2016-07-17 16:40:13 UTC,Pacific Time (US & Canada),10285,finatic,2016-07-26 18:00:51 UTC,2016-08-01 22:22:47 UTC,needs_id,CC-BY-NC,http://www.inaturalist.org/observations/3749441,http://static.inaturalist.org/photos/4362329/medium.jpg,,"","Larimer County, Colorado, US",0,0,false,,Rocky Mountain NP,40.424758,-105.753362,,,,,,,,false,,"",Western Wallflower,Erysimum capitatum,Western Wallflower,Plantae,50628
3820188,Fri Jul 22 2016 14:46:04 GMT-0600 (MDT),2016-07-22,2016-07-22 20:46:04 UTC,Mountain Time (US & Canada),285659,linziczka,2016-08-07 07:20:31 UTC,2019-04-27 14:12:44 UTC,needs_id,,http://www.inaturalist.org/observations/3820188,http://static.inaturalist.org/photos/4467094/medium.jpg,,"",,2,0,false,3,"San Isabel National Forest, Rye, CO, US",38.0592,-105.1006778333,,,,,,,,false,,,western wallflower,Erysimum capitatum,Western Wallflower,Plantae,50628
3863432,Thu Aug 11 2016 13:56:25 GMT-0600 (MDT),2016-08-11,2016-08-11 19:56:25 UTC,Mountain Time (US & Canada),134479,rick_williams,2016-08-11 23:04:37 UTC,2017-03-27 20:09:53 UTC,research,CC-BY-NC,http://www.inaturalist.org/observations/3863432,https://inaturalist-open-data.s3.amazonaws.com/photos/4527618/medium.jpeg,,,,1,0,false,3,"Gunnison County, US-CO, US",38.970669983,-106.9429315534,10,,,,10,,,false,,,western wallflower,Erysimum capitatum,Western Wallflower,Plantae,50628
3907717,Wed Jul 13 2016 14:53:32 GMT-0600 (MDT),2016-07-13,2016-07-13 20:53:32 UTC,Mountain Time (US & Canada),234150,liam5,2016-08-17 21:47:23 UTC,2016-08-18 16:08:01 UTC,research,CC-BY-NC,http://www.inaturalist.org/observations/3907717,https://inaturalist-open-data.s3.amazonaws.com/photos/4593087/medium.jpg,,,,1,0,false,3,"Golden Gate Canyon State Park, Golden, CO, US",39.848055,-105.4448083333,,,,,,,,false,,,Western Wallflower,Erysimum capitatum,Western Wallflower,Plantae,50628
4211046,2014/07/01 10:11 PM EDT,2014-07-01,2014-07-02 02:11:00 UTC,Eastern Time (US & Canada),320666,tkoffel,2016-09-27 00:56:23 UTC,2018-10-14 23:28:00 UTC,needs_id,CC-BY-NC,http://www.inaturalist.org/observations/4211046,https://inaturalist-open-data.s3.amazonaws.com/photos/5022410/medium.jpeg,,"",                               ,0,0,false,,"Rocky Mountain, Rocky Mountain National Park, Rocky Mountain National Park, Larimer, Colorado, United States",40.3992652893,-105.5926208496,,,,,,,,false,,,Wallflowers,Erysimum,Wallflowers,Plantae,50630
4492546,Sun May 29 2016 16:11:44 GMT-0600 (MDT),2016-05-29,2016-05-29 22:11:44 UTC,Mountain Time (US & Canada),70289,zoeviolet,2016-11-04 07:03:28 UTC,2021-06-18 20:24:29 UTC,research,CC-BY-NC,http://www.inaturalist.org/observations/4492546,https://inaturalist-open-data.s3.amazonaws.com/photos/5427135/medium.jpg,,"",,2,0,false,3,"Boulder County, US-CO, US",40.0163138833,-105.3369866667,,,,,,,,false,,,western wallflower,Erysimum capitatum,Western Wallflower,Plantae,50628
5177788,2014/08/29 9:57 AM PDT,2014-08-29,2014-08-29 16:57:00 UTC,Pacific Time (US & Canada),304764,twr61,2017-02-25 22:54:47 UTC,2020-05-22 18:29:53 UTC,needs_id,CC-BY,https://www.inaturalist.org/observations/5177788,https://inaturalist-open-data.s3.amazonaws.com/photos/6385614/medium.jpg,,"Brassicaceae, Rocky Mountains, San Juan Mountains, Wallflower, Weminuche, wildflower",,1,0,false,,"Hinsdale County, CO, USA",37.6907616667,-107.2521216667,,,,,,,,false,,,Wallflowers,Erysimum,Wallflowers,Plantae,50630
5695124,2015/06/25 8:04 PM PDT,2015-06-25,2015-06-26 03:04:00 UTC,Pacific Time (US & Canada),8706,howardfriedman1,2017-04-14 18:52:11 UTC,2017-05-01 21:15:38 UTC,research,CC-BY-NC,https://www.inaturalist.org/observations/5695124,https://inaturalist-open-data.s3.amazonaws.com/photos/7054313/medium.jpg,,"",,1,0,false,,"Estes Park, CO 80517, USA",40.380132663,-105.5490578574,8574,,,,8574,,,false,,,western wallflower,Erysimum capitatum capitatum,,Plantae,50627
5851980,Sun Apr 16 2017 10:13:12 GMT-0600 (MDT),2017-04-16,2017-04-16 16:13:12 UTC,Mountain Time (US & Canada),382817,kirbz,2017-04-19 13:40:14 UTC,2017-04-21 15:42:55 UTC,research,,https://www.inaturalist.org/observations/5851980,https://static.inaturalist.org/photos/7284067/medium.jpg,,"",,1,0,false,3,"Castlewood Canyon State Park, Franktown, CO, US",39.336605144,-104.7400896537,1614,,,,1614,,,false,,,western wallflower,Erysimum capitatum,Western Wallflower,Plantae,50628
5874121,2010/06/03 10:37 AM PDT,2010-06-03,2010-06-03 17:37:00 UTC,Pacific Time (US & Canada),33605,rhole,2017-04-20 18:19:35 UTC,2020-05-04 03:58:57 UTC,needs_id,CC-BY-NC,https://www.inaturalist.org/observations/5874121,https://inaturalist-open-data.s3.amazonaws.com/photos/7318196/medium.jpeg,,"","Location approximate, within sight of Pawnee Buttes",1,0,false,,"Weld County, CO, USA",40.7931068582,-103.9685613159,61,,,,61,,,false,,,Wallflowers,Erysimum asperum,Prairie-rocket Wallflower,Plantae,162713
6110299,Sat May 06 2017 06:55:54 GMT-0600 (MDT),2017-05-06,2017-05-06 12:55:54 UTC,Mountain Time (US & Canada),164724,mtclymer,2017-05-06 13:46:50 UTC,2021-06-18 20:24:28 UTC,research,CC-BY-NC,https://www.inaturalist.org/observations/6110299,https://inaturalist-open-data.s3.amazonaws.com/photos/7646331/medium.jpg,,"",,2,0,false,3,"80303, Boulder, CO, US",39.93238,-105.2316583333,,,,,,,,false,,,western wallflower,Erysimum capitatum,Western Wallflower,Plantae,50628
6166486,2017/05/08 8:30 AM MDT,2017-05-08,2017-05-08 14:30:00 UTC,Mountain Time (US & Canada),262301,tonnessen,2017-05-11 01:47:16 UTC,2017-05-11 01:48:03 UTC,needs_id,CC-BY-NC,https://www.inaturalist.org/observations/6166486,https://inaturalist-open-data.s3.amazonaws.com/photos/7733446/medium.jpg,,"",,0,0,false,,"Bear Creek Park Trails, Colorado Springs, CO, USA",38.8248310827,-104.8784172535,200,,,,200,,,false,,,Western wallflower,Erysimum capitatum,Western Wallflower,Plantae,50628
6288675,Sun May 14 2017 12:27:30 GMT-0600 (MDT),2017-05-14,2017-05-14 18:27:30 UTC,Mountain Time (US & Canada),314759,fungalfan,2017-05-20 19:05:51 UTC,2021-06-18 20:24:28 UTC,research,CC-BY-NC,https://www.inaturalist.org/observations/6288675,https://inaturalist-open-data.s3.amazonaws.com/photos/7914950/medium.jpg,,"",,1,0,false,3,"Rabbit Mtn Open Space Park, Longmont, CO, US",40.2483466667,-105.2187583333,,,,,,,,false,,,western wallflower,Erysimum capitatum,Western Wallflower,Plantae,50628
6305144,2017-05-21 11:53:20 AM MDT,2017-05-21,2017-05-21 17:53:20 UTC,Mountain Time (US & Canada),259191,danimal,2017-05-21 17:52:43 UTC,2021-07-17 04:46:04 UTC,research,,https://www.inaturalist.org/observations/6305144,https://static.inaturalist.org/photos/7937296/medium.jpeg,,"",,1,0,false,2,"Flatirons Loop Boulder, CO 80302",39.99035804,-105.29035425,3,,,,3,,,false,,,western wallflower,Erysimum capitatum,Western Wallflower,Plantae,50628
6368781,2017-05-17 1:09:22 PM MDT,2017-05-17,2017-05-17 19:09:22 UTC,Mountain Time (US & Canada),491782,kap17wild,2017-05-26 16:09:48 UTC,2017-05-29 14:02:37 UTC,needs_id,CC-BY-NC,https://www.inaturalist.org/observations/6368781,https://inaturalist-open-data.s3.amazonaws.com/photos/8034758/medium.jpeg,,"","A flower seen on the Wells Gultch Trail in Lory State Park, not sure exactly what it is.",0,0,false,2,"Well Gulch Nature Trail Fort Collins, CO 80526",40.575553894,-105.183052063,,,,,,,,false,gps,gps,,Erysimum capitatum,Western Wallflower,Plantae,50628
6467688,2017-05-30 1:45:53 PM MDT,2017-05-30,2017-05-30 19:45:53 UTC,Mountain Time (US & Canada),439015,mike136,2017-06-02 16:31:31 UTC,2021-07-15 19:40:52 UTC,needs_id,CC-BY,https://www.inaturalist.org/observations/6467688,https://inaturalist-open-data.s3.amazonaws.com/photos/8177979/medium.jpeg,,"",,1,0,false,2,"Allenspark, CO 80510",40.2021168335,-105.550149008,44028,,,,44028,,,false,gps,gps,Wallflowers,Erysimum capitatum,Western Wallflower,Plantae,50628
6470716,2017-05-31 4:41:48 PM MDT,2017-05-31,2017-05-31 22:41:48 UTC,Mountain Time (US & Canada),484578,rachabaily,2017-06-02 20:32:47 UTC,2017-06-06 00:53:54 UTC,research,,https://www.inaturalist.org/observations/6470716,https://static.inaturalist.org/photos/8182639/medium.jpeg,,"",,1,0,false,2,"Old Colorado City Trail Colorado Springs, CO 80904",38.8642616272,-104.8796920776,,,,,,,,false,gps,gps,western wallflower,Erysimum capitatum,Western Wallflower,Plantae,50628
6487907,2017/05/19 3:31 PM CDT,2017-05-19,2017-05-19 20:31:00 UTC,Central Time (US & Canada),216168,psweet,2017-06-04 00:41:04 UTC,2021-11-18 00:28:34 UTC,needs_id,CC-BY-SA,https://www.inaturalist.org/observations/6487907,https://inaturalist-open-data.s3.amazonaws.com/photos/8206944/medium.jpeg,,"",,0,0,false,,Bear Creek Nature Center,38.8283318603,-104.8763680458,146,,,,146,,,false,,,Prairie-rocket Wallflower,Erysimum asperum,Prairie-rocket Wallflower,Plantae,162713
6517855,Mon Jun 05 2017 06:54:50 GMT-0600 (MDT),2017-06-05,2017-06-05 12:54:50 UTC,Mountain Time (US & Canada),207642,deekyn,2017-06-06 03:18:51 UTC,2017-12-12 04:52:22 UTC,research,CC-BY-NC,https://www.inaturalist.org/observations/6517855,https://inaturalist-open-data.s3.amazonaws.com/photos/8255174/medium.jpg,,"",,1,0,false,3,"Rocky Mountain National Park, Estes Park, CO, US",40.3630033333,-105.561255,,,,,,,,false,,,western wallflower,Erysimum capitatum,Western Wallflower,Plantae,50628
6555561,Sun Jun 04 2017 06:22:54 GMT-0600 (MDT),2017-06-04,2017-06-04 12:22:54 UTC,Mountain Time (US & Canada),382817,kirbz,2017-06-09 02:00:47 UTC,2017-06-12 17:02:33 UTC,research,,https://www.inaturalist.org/observations/6555561,https://static.inaturalist.org/photos/8312580/medium.jpg,,"",,1,0,false,3,"Eleven Mile State Park, Lake George, CO, US",38.9286647452,-105.4875645114,213,,,,213,,,false,,,western wallflower,Erysimum capitatum,Western Wallflower,Plantae,50628
6591694,2017-06-11 10:06:38 AM MDT,2017-06-11,2017-06-11 16:06:38 UTC,Mountain Time (US & Canada),153897,rowz,2017-06-11 16:58:35 UTC,2017-06-13 16:49:10 UTC,research,CC-BY-NC,https://www.inaturalist.org/observations/6591694,https://inaturalist-open-data.s3.amazonaws.com/photos/8367080/medium.jpeg,,"",,2,0,false,2,"Rock Creek Colorado Springs, CO",38.73347305,-104.83880156,14,,,,14,,,false,,,Prairie-rocket Wallflower,Erysimum asperum,Prairie-rocket Wallflower,Plantae,162713
6598275,Sat Jun 10 2017 15:44:33 GMT-0600 (MDT),2017-06-10,2017-06-10 21:44:33 UTC,Mountain Time (US & Canada),19846,forester93,2017-06-12 00:19:43 UTC,2017-06-12 13:44:17 UTC,research,CC-BY-NC,https://www.inaturalist.org/observations/6598275,https://inaturalist-open-data.s3.amazonaws.com/photos/8376835/medium.jpg,,"",,1,0,false,3,"Rocky Mountain, Rocky Mountain National Park, Rocky Mountain National Park, Larimer County, US-CO, US",40.3080544761,-105.5476563145,10,,,,10,,,false,,,western wallflower,Erysimum capitatum,Western Wallflower,Plantae,50628
6598449,Sat Jun 10 2017 14:51:09 GMT-0600 (MDT),2017-06-10,2017-06-10 20:51:09 UTC,Mountain Time (US & Canada),492972,twopennykarma,2017-06-12 00:24:29 UTC,2021-06-07 21:05:22 UTC,research,,https://www.inaturalist.org/observations/6598449,https://static.inaturalist.org/photos/8377009/medium.jpg,,"",,1,0,false,3,"80466, Nederland, CO, US",40.0242666667,-105.5185783333,,,,,,,,false,,,western wallflower,Erysimum capitatum,Western Wallflower,Plantae,50628
6599033,Sat Jun 10 2017 18:55:17 GMT-0600 (MDT),2017-06-10,2017-06-11 00:55:17 UTC,Mountain Time (US & Canada),19846,forester93,2017-06-12 00:49:41 UTC,2017-12-09 07:32:00 UTC,needs_id,CC-BY-NC,https://www.inaturalist.org/observations/6599033,https://inaturalist-open-data.s3.amazonaws.com/photos/8377995/medium.jpg,,"",,2,0,false,3,"Rocky Mountain, Rocky Mountain National Park, Rocky Mountain National Park, Larimer County, US-CO, US",40.3047093004,-105.5404981692,5,,,,5,,,false,,,Wallflowers,Erysimum,Wallflowers,Plantae,50630
6674015,2017-06-12 11:34:44 AM MDT,2017-06-12,2017-06-12 17:34:44 UTC,Mountain Time (US & Canada),484578,rachabaily,2017-06-16 00:49:06 UTC,2017-07-13 21:18:57 UTC,research,,https://www.inaturalist.org/observations/6674015,https://static.inaturalist.org/photos/8458091/medium.jpeg,,"",,1,0,false,2,"Northwest Colorado Springs Colorado Springs, CO",38.9450492859,-104.8903579712,,,,,,,,false,gps,gps,western wallflower,Erysimum capitatum,Western Wallflower,Plantae,50628
6684455,Thu Jun 15 2017 19:08:31 GMT-0600 (MDT),2017-06-15,2017-06-16 01:08:31 UTC,Mountain Time (US & Canada),133284,amy-at-rmbl,2017-06-16 22:11:26 UTC,2017-06-18 18:01:23 UTC,needs_id,CC-BY-NC,https://www.inaturalist.org/observations/6684455,https://inaturalist-open-data.s3.amazonaws.com/photos/8474194/medium.jpg,,"",,1,0,false,3,"Gunnison National Forest, Crested Butte, CO, US",38.9458307578,-107.0282786061,5,,,,5,,,false,,,Wallflowers,Erysimum,Wallflowers,Plantae,50630
6691516,Sat Jun 17 2017 10:14:19 GMT-0600 (MDT),2017-06-17,2017-06-17 16:14:19 UTC,Mountain Time (US & Canada),261640,jhilaire,2017-06-17 16:14:36 UTC,2017-06-17 16:14:43 UTC,needs_id,CC-BY-NC,https://www.inaturalist.org/observations/6691516,https://inaturalist-open-data.s3.amazonaws.com/photos/8485644/medium.jpg,,"",,0,0,false,3,"80919, Colorado Springs, CO, US",38.9452086529,-104.8892865703,10,,,,10,,,false,,,,Erysimum,Wallflowers,Plantae,50630
6691546,Sat Jun 17 2017 10:16:19 GMT-0600 (MDT),2017-06-17,2017-06-17 16:16:19 UTC,Mountain Time (US & Canada),261640,jhilaire,2017-06-17 16:16:49 UTC,2017-06-17 16:17:03 UTC,needs_id,CC-BY-NC,https://www.inaturalist.org/observations/6691546,https://inaturalist-open-data.s3.amazonaws.com/photos/8485693/medium.jpg,,"",,0,0,false,3,"80919, Colorado Springs, CO, US",38.9452253748,-104.8892277294,5,,,,5,,,false,,,,Erysimum,Wallflowers,Plantae,50630
6692447,2017-06-17 10:27:31 AM MDT,2017-06-17,2017-06-17 16:27:31 UTC,Mountain Time (US & Canada),508610,refb59,2017-06-17 17:14:47 UTC,2017-07-10 19:42:58 UTC,research,CC-BY-NC,https://www.inaturalist.org/observations/6692447,https://inaturalist-open-data.s3.amazonaws.com/photos/8486688/medium.jpeg,,"",,1,0,false,2,"3786 West Woodmen Road Colorado Springs, CO 80919",38.94899888,-104.88622753,9,,,,9,,,false,,,western wallflower,Erysimum capitatum,Western Wallflower,Plantae,50628
6696904,Sat Jun 17 2017 16:39:17 GMT-0600 (MDT),2017-06-17,2017-06-17 22:39:17 UTC,Mountain Time (US & Canada),153596,rosemary_smith,2017-06-17 23:28:00 UTC,2017-06-21 15:12:01 UTC,research,CC-BY-NC,https://www.inaturalist.org/observations/6696904,https://inaturalist-open-data.s3.amazonaws.com/photos/8493106/medium.jpg,,"",,2,0,false,3,"Gunnison County, US-CO, US",38.9504525811,-106.98665265,10,,,,10,,,false,,,western wallflower,Erysimum capitatum,Western Wallflower,Plantae,50628
6722132,2017/06/18 5:31 PM -0500,2017-06-18,2017-06-18 22:31:00 UTC,Bogota,100315,apcorboy,2017-06-19 22:38:45 UTC,2018-09-03 19:12:20 UTC,research,CC-BY-NC,https://www.inaturalist.org/observations/6722132,https://inaturalist-open-data.s3.amazonaws.com/photos/8532156/medium.jpg,,"",,1,0,false,,"8577 Ridge Rd, Beulah, CO 81023, USA",38.039656,-104.971802,153,,,,153,,,false,,,western wallflower,Erysimum capitatum,Western Wallflower,Plantae,50628
6724258,Mon Jun 19 2017 18:26:09 GMT-0600 (MDT),2017-06-19,2017-06-20 00:26:09 UTC,Mountain Time (US & Canada),153596,rosemary_smith,2017-06-20 01:14:38 UTC,2017-06-21 15:07:28 UTC,research,CC-BY-NC,https://www.inaturalist.org/observations/6724258,https://inaturalist-open-data.s3.amazonaws.com/photos/8535456/medium.jpg,,"",,2,0,false,3,"Gunnison County, US-CO, US",38.9644079889,-106.9934175165,5,,,,5,,,false,,,western wallflower,Erysimum capitatum,Western Wallflower,Plantae,50628
6742329,Wed Jun 21 2017 08:44:50 GMT-0600 (MDT),2017-06-21,2017-06-21 14:44:50 UTC,Mountain Time (US & Canada),509347,megan_vc,2017-06-21 14:46:30 UTC,2017-06-25 01:55:03 UTC,research,,https://www.inaturalist.org/observations/6742329,https://static.inaturalist.org/photos/8562650/medium.jpg,,"",,1,0,false,3,"Gunnison National Forest, Crested Butte, CO, US",38.9597620676,-106.988761034,30,,,,30,,,false,,,western wallflower,Erysimum capitatum,Western Wallflower,Plantae,50628
6754413,Wed Jun 21 2017 16:17:37 GMT-0600 (MDT),2017-06-21,2017-06-21 22:17:37 UTC,Mountain Time (US & Canada),267092,ryanmyers,2017-06-22 15:43:50 UTC,2017-06-26 04:12:02 UTC,research,,https://www.inaturalist.org/observations/6754413,https://static.inaturalist.org/photos/8581699/medium.jpg,,"",,2,0,false,3,"Gunnison National Forest, Mount Crested Butte, CO, US",38.9217833333,-106.9653333333,,,,,,,,false,,,western wallflower,Erysimum capitatum,Western Wallflower,Plantae,50628
6769628,Fri Jun 23 2017 10:00:47 GMT-0600 (MDT),2017-06-23,2017-06-23 16:00:47 UTC,Mountain Time (US & Canada),134479,rick_williams,2017-06-23 21:12:16 UTC,2017-06-26 04:09:26 UTC,research,CC-BY-NC,https://www.inaturalist.org/observations/6769628,https://inaturalist-open-data.s3.amazonaws.com/photos/8603556/medium.jpg,,"",,1,0,false,3,"Gunnison County, US-CO, US",38.978224718,-106.978409635,5,,,,5,,,false,,,western wallflower,Erysimum capitatum,Western Wallflower,Plantae,50628
6769709,Fri Jun 23 2017 12:53:36 GMT-0600 (MDT),2017-06-23,2017-06-23 18:53:36 UTC,Mountain Time (US & Canada),153596,rosemary_smith,2017-06-23 21:17:33 UTC,2017-06-24 20:11:16 UTC,research,CC-BY-NC,https://www.inaturalist.org/observations/6769709,https://inaturalist-open-data.s3.amazonaws.com/photos/8603685/medium.jpg,,"",,1,0,false,3,"Gunnison County, US-CO, US",38.9799078042,-106.9792520163,5,,,,5,,,false,,,western wallflower,Erysimum capitatum,Western Wallflower,Plantae,50628
6792613,2017-06-23 10:43:56 AM MDT,2017-06-23,2017-06-23 16:43:56 UTC,Mountain Time (US & Canada),469593,crontl72,2017-06-25 16:03:41 UTC,2017-06-30 04:26:31 UTC,needs_id,CC-BY-NC,https://www.inaturalist.org/observations/6792613,https://inaturalist-open-data.s3.amazonaws.com/photos/8638395/medium.jpeg,,"",,0,0,false,2,"Horsetooth Falls Trail Fort Collins, CO 80526",40.5315205784,-105.179654136,2064,,,,2064,,,false,gps,gps,Prairie-rocket Wallflower,Erysimum asperum,Prairie-rocket Wallflower,Plantae,162713
6794900,Sun Jun 25 2017 09:42:21 GMT-0600 (MDT),2017-06-25,2017-06-25 15:42:21 UTC,Mountain Time (US & Canada),153596,rosemary_smith,2017-06-25 18:47:26 UTC,2017-06-26 03:55:59 UTC,research,CC-BY-NC,https://www.inaturalist.org/observations/6794900,https://inaturalist-open-data.s3.amazonaws.com/photos/8642221/medium.jpg,,"",,2,0,false,3,"Gunnison County, US-CO, US",38.9662194439,-106.969949361,10,,,,10,,,false,,,western wallflower,Erysimum capitatum,Western Wallflower,Plantae,50628
6822128,Sat Jun 24 2017 09:12:16 GMT-0600 (MDT),2017-06-24,2017-06-24 15:12:16 UTC,Mountain Time (US & Canada),448081,a_gaudet,2017-06-27 15:06:27 UTC,2017-07-15 04:11:10 UTC,research,CC-BY-NC,https://www.inaturalist.org/observations/6822128,https://inaturalist-open-data.s3.amazonaws.com/photos/8684479/medium.jpg,,"","",2,0,false,3,"El Paso County, US-CO, US",38.721046513,-104.8414685671,,,,,,,,false,,,western wallflower,Erysimum capitatum,Western Wallflower,Plantae,50628
6824626,Tue Jun 27 2017 10:51:11 GMT-0600 (MDT),2017-06-27,2017-06-27 16:51:11 UTC,Mountain Time (US & Canada),153596,rosemary_smith,2017-06-27 18:24:06 UTC,2017-06-28 16:22:31 UTC,research,CC-BY-NC,https://www.inaturalist.org/observations/6824626,https://inaturalist-open-data.s3.amazonaws.com/photos/8688084/medium.jpg,,"",,2,0,false,3,"Gunnison County, US-CO, US",38.950950969,-106.9791896549,5,,,,5,,,false,,,western wallflower,Erysimum capitatum,Western Wallflower,Plantae,50628
6898375,2017/06/29 6:04 AM MDT,2017-06-29,2017-06-29 12:04:00 UTC,Mountain Time (US & Canada),269952,joshuagsmith,2017-07-03 04:50:01 UTC,2017-07-03 04:50:02 UTC,needs_id,CC-BY-NC,https://www.inaturalist.org/observations/6898375,https://inaturalist-open-data.s3.amazonaws.com/photos/8803044/medium.jpeg,,"",,0,0,false,,"Larimer County, CO, USA",40.3732609487,-105.6145119667,31,,,,31,,,false,,,Western wallflower,Erysimum capitatum capitatum,,Plantae,50627
6908331,2017-06-18 1:55:23 PM MDT,2017-06-18,2017-06-18 19:55:23 UTC,Mountain Time (US & Canada),9511,ambergris,2017-07-03 22:53:39 UTC,2021-08-10 18:54:55 UTC,research,CC-BY-NC,https://www.inaturalist.org/observations/6908331,https://inaturalist-open-data.s3.amazonaws.com/photos/8818642/medium.jpeg,,"","Found near Mud Lake, about 8400ft above sea level.  ",2,0,false,2,"2034 County Road 126 Nederland, CO 80466",39.9784910229,-105.50904449,1376,,,,1376,,,false,gps,gps,western wallflower,Erysimum capitatum,Western Wallflower,Plantae,50628
6911764,Mon Jul 03 2017 10:18:46 GMT-0600 (MDT),2017-07-03,2017-07-03 16:18:46 UTC,Mountain Time (US & Canada),520588,rebecca119,2017-07-04 03:09:56 UTC,2020-06-05 13:59:32 UTC,research,,https://www.inaturalist.org/observations/6911764,https://static.inaturalist.org/photos/8823942/medium.jpg,,"",,2,0,false,3,"Pike National Forest, Divide, CO, US",38.9991755365,-105.2242321988,,,,,,,,false,,,western wallflower,Erysimum capitatum,Western Wallflower,Plantae,50628
7005763,Mon Jul 10 2017 10:49:57 GMT-0600 (MDT),2017-07-10,2017-07-10 16:49:57 UTC,Mountain Time (US & Canada),508545,elishasrubin,2017-07-11 00:52:28 UTC,2021-06-07 21:06:15 UTC,research,,https://www.inaturalist.org/observations/7005763,https://static.inaturalist.org/photos/8977147/medium.jpg,,"",,1,0,false,3,"Golden Gate Canyon State Park, Golden, CO, US",39.8560455535,-105.3635700234,5,,,,5,,,false,,,western wallflower,Erysimum capitatum,Western Wallflower,Plantae,50628
7017798,Tue Jul 11 2017 09:59:45 GMT-0600 (MDT),2017-07-11,2017-07-11 15:59:45 UTC,Mountain Time (US & Canada),448081,a_gaudet,2017-07-11 23:31:04 UTC,2021-06-07 21:06:30 UTC,research,CC-BY-NC,https://www.inaturalist.org/observations/7017798,https://inaturalist-open-data.s3.amazonaws.com/photos/8997343/medium.jpg,,"",,1,0,false,3,"Gilpin County, US-CO, US",39.8588937661,-105.4260362406,5,,,,5,,,false,,,western wallflower,Erysimum capitatum,Western Wallflower,Plantae,50628
7026194,Sun Jul 09 2017 19:08:17 GMT-0600 (MDT),2017-07-09,2017-07-10 01:08:17 UTC,Mountain Time (US & Canada),153596,rosemary_smith,2017-07-12 18:13:29 UTC,2017-07-18 02:30:29 UTC,research,CC-BY-NC,https://www.inaturalist.org/observations/7026194,https://inaturalist-open-data.s3.amazonaws.com/photos/9010703/medium.jpg,,"",,1,0,false,3,"Gunnison County, US-CO, US",38.9788456075,-107.0003429801,5,,,,5,,,false,,,western wallflower,Erysimum capitatum,Western Wallflower,Plantae,50628
7026223,Mon Jul 10 2017 10:29:21 GMT-0600 (MDT),2017-07-10,2017-07-10 16:29:21 UTC,Mountain Time (US & Canada),153596,rosemary_smith,2017-07-12 18:15:43 UTC,2017-07-18 02:29:10 UTC,research,CC-BY-NC,https://www.inaturalist.org/observations/7026223,https://inaturalist-open-data.s3.amazonaws.com/photos/9010759/medium.jpg,,"",,1,0,false,3,"Gunnison County, US-CO, US",38.9988921024,-107.0400870313,10,,,,10,,,false,,,western wallflower,Erysimum capitatum,Western Wallflower,Plantae,50628
7026250,Mon Jul 10 2017 11:40:38 GMT-0600 (MDT),2017-07-10,2017-07-10 17:40:38 UTC,Mountain Time (US & Canada),153596,rosemary_smith,2017-07-12 18:18:07 UTC,2017-07-18 02:27:38 UTC,research,CC-BY-NC,https://www.inaturalist.org/observations/7026250,https://inaturalist-open-data.s3.amazonaws.com/photos/9010827/medium.jpg,,"",,1,0,false,3,"Gunnison County, US-CO, US",38.996406449,-107.0451818873,5,,,,5,,,false,,,western wallflower,Erysimum capitatum,Western Wallflower,Plantae,50628
7029631,Wed Jul 12 2017 10:58:57 GMT-0600 (MDT),2017-07-12,2017-07-12 16:58:57 UTC,Mountain Time (US & Canada),448081,a_gaudet,2017-07-12 23:06:32 UTC,2017-07-12 23:09:48 UTC,needs_id,CC-BY-NC,https://www.inaturalist.org/observations/7029631,https://inaturalist-open-data.s3.amazonaws.com/photos/9016966/medium.jpg,,"",,0,0,false,3,"Gilpin County, US-CO, US",39.8756143218,-105.4519896303,5,,,,5,,,false,,,western wallflower,Erysimum capitatum,Western Wallflower,Plantae,50628
7127279,Wed Jul 19 2017 08:52:28 GMT-0600 (MDT),2017-07-19,2017-07-19 14:52:28 UTC,Mountain Time (US & Canada),524560,luna-shadow,2017-07-20 04:37:44 UTC,2018-09-05 05:04:56 UTC,research,CC-BY-NC,https://www.inaturalist.org/observations/7127279,https://inaturalist-open-data.s3.amazonaws.com/photos/9170527/medium.jpg,,"",,1,0,false,3,"Rocky Mountain National Park, Estes Park, CO, US",40.396820992,-105.6193588897,106,,,,106,,,false,,,western wallflower,Erysimum capitatum,Western Wallflower,Plantae,50628