"gbifID","imageURL","iNatID","long","lat","species","scientificName","gbifTaxonID","verbatimDate","year","month","day","obscured","qualityGrade"
NA,"http://static.inaturalist.org/photos/389995/medium.jpg","313404","-105.615871","40.349791","Erysimum capitatum",NA,"50628","2013-06-16","2013","06","16","false","research"
NA,"http://static.inaturalist.org/photos/389990/medium.jpg","314207","-105.567606","40.207593","Erysimum capitatum",NA,"50628","2013-06-27","2013","06","27","false","research"
NA,"http://static.inaturalist.org/photos/392231/medium.jpg","315880","-105.548362","40.20641","Erysimum capitatum",NA,"50628","2013-06-29","2013","06","29","false","needs_id"
NA,"http://static.inaturalist.org/photos/994539/medium.jpg","321416","-105.634996","40.396798","Erysimum",NA,"50630","2013-07-03","2013","07","03","false","needs_id"
