"","gbifID","imageURL","iNatID","long","lat","species","scientificName","gbifTaxonID","year","month","day","verbatimDate","iNatUser","obscured","qualityGrade"
"1",3335433751,"https://inaturalist-open-data.s3.amazonaws.com/photos/147374783/original.jpeg?1627686866","89256117","-106.431876","35.210462","Erysimum capitatum","Erysimum capitatum (Douglas ex Hook.) Greene","50628","2021","7","22","2021-07-22T09:55:00","Van Remsen","false","research"
"2",3335431154,"https://inaturalist-open-data.s3.amazonaws.com/photos/148067078/original.jpg?1627918421","89648797","-105.656288","40.393588","Erysimum capitatum","Erysimum capitatum (Douglas ex Hook.) Greene","50628","2021","7","29","2021-07-29T11:36:14","Matthew Thompson","false","research"
"3",3335407667,"https://inaturalist-open-data.s3.amazonaws.com/photos/147261430/original.jpeg?1627655345","89190997","-108.237228","33.213364","Erysimum capitatum","Erysimum capitatum (Douglas ex Hook.) Greene","50628","2021","7","28","2021-07-28T09:54:53","jennmarie","false","research"
"4",3335407667,"https://inaturalist-open-data.s3.amazonaws.com/photos/147261405/original.jpeg?1627655336","89190997","-108.237228","33.213364","Erysimum capitatum","Erysimum capitatum (Douglas ex Hook.) Greene","50628","2021","7","28","2021-07-28T09:54:53","jennmarie","false","research"
"5",3335403441,"https://inaturalist-open-data.s3.amazonaws.com/photos/134937445/original.jpg?1623196071","82225736","-119.0421","44.294003","Erysimum capitatum","Erysimum capitatum (Douglas ex Hook.) Greene","50628","2021","6","6","2021-06-06T16:42:02","Hilary Rose Dawson","false","research"
"6",3335403441,"https://inaturalist-open-data.s3.amazonaws.com/photos/134937473/original.jpg?1623196082","82225736","-119.0421","44.294003","Erysimum capitatum","Erysimum capitatum (Douglas ex Hook.) Greene","50628","2021","6","6","2021-06-06T16:42:02","Hilary Rose Dawson","false","research"
"7",3335388429,"https://static.inaturalist.org/photos/131533838/original.jpg?1621964482","80261090","-123.549187","41.35318","Erysimum capitatum","Erysimum capitatum (Douglas ex Hook.) Greene","50628","2021","5","16","2021-05-16T10:31:00","Oscar","false","research"
"8",3335376113,"https://inaturalist-open-data.s3.amazonaws.com/photos/147985893/original.jpeg?1627881418","89602299","-106.446869","35.226486","Erysimum capitatum","Erysimum capitatum (Douglas ex Hook.) Greene","50628","2021","8","1","2021-08-01T11:33:51","Fiana","false","research"
"9",3335376113,"https://inaturalist-open-data.s3.amazonaws.com/photos/147985907/original.jpeg?1627881425","89602299","-106.446869","35.226486","Erysimum capitatum","Erysimum capitatum (Douglas ex Hook.) Greene","50628","2021","8","1","2021-08-01T11:33:51","Fiana","false","research"
"10",3335281329,"https://inaturalist-open-data.s3.amazonaws.com/photos/148389230/original.jpeg?1628027064","89839825","-122.540337","41.356874","Erysimum capitatum","Erysimum capitatum (Douglas ex Hook.) Greene","50628","2021","6","12","2021-06-12T15:36:00","Matt Reala","false","research"
"11",3335205390,"https://inaturalist-open-data.s3.amazonaws.com/photos/148437339/original.jpg?1628042852","89860265","-116.656347","33.804","Erysimum capitatum","Erysimum capitatum subsp. capitatum","50627","2021","8","2","2021-08-02T15:07:00","Don Rideout","false","research"
"12",3335205390,"https://inaturalist-open-data.s3.amazonaws.com/photos/148437660/original.jpg?1628042975","89860265","-116.656347","33.804","Erysimum capitatum","Erysimum capitatum subsp. capitatum","50627","2021","8","2","2021-08-02T15:07:00","Don Rideout","false","research"
"13",3335184009,"https://inaturalist-open-data.s3.amazonaws.com/photos/147824711/original.jpg?1627839800","89515315","-116.698811","33.802511","Erysimum capitatum","Erysimum capitatum (Douglas ex Hook.) Greene","50628","2021","7","5","2021-07-05T11:49:00","Eric Koberle","false","research"
"14",3335184009,"https://inaturalist-open-data.s3.amazonaws.com/photos/147824630/original.jpg?1627839785","89515315","-116.698811","33.802511","Erysimum capitatum","Erysimum capitatum (Douglas ex Hook.) Greene","50628","2021","7","5","2021-07-05T11:49:00","Eric Koberle","false","research"
"15",3335184009,"https://inaturalist-open-data.s3.amazonaws.com/photos/147824584/original.jpg?1627839776","89515315","-116.698811","33.802511","Erysimum capitatum","Erysimum capitatum (Douglas ex Hook.) Greene","50628","2021","7","5","2021-07-05T11:49:00","Eric Koberle","false","research"
"16",3335184009,"https://inaturalist-open-data.s3.amazonaws.com/photos/147824629/original.jpg?1627839783","89515315","-116.698811","33.802511","Erysimum capitatum","Erysimum capitatum (Douglas ex Hook.) Greene","50628","2021","7","5","2021-07-05T11:49:00","Eric Koberle","false","research"
"17",3335183342,"https://inaturalist-open-data.s3.amazonaws.com/photos/76905729/original.jpg?1591300100","46608854","-105.187543","39.957566","Erysimum capitatum","Erysimum capitatum (Douglas ex Hook.) Greene","50628","2020","5","17","2020-05-17T11:32:37","sandymcgregor","false","research"
"18",3335182759,"https://inaturalist-open-data.s3.amazonaws.com/photos/147398480/original.jpeg?1627695444","89269221","-116.677453","33.788933","Erysimum capitatum","Erysimum capitatum subsp. capitatum","50627","2021","7","28","2021-07-28T16:04:00","dreamscapedeb","false","research"
"19",3335177082,"https://inaturalist-open-data.s3.amazonaws.com/photos/147897525/original.jpg?1627854285","89553057","-120.098342","38.902172","Erysimum capitatum","Erysimum capitatum (Douglas ex Hook.) Greene","50628","2021","6","16","2021-06-16T15:46:00","naturalpriest","false","research"
"20",3335177082,"https://inaturalist-open-data.s3.amazonaws.com/photos/147897546/original.jpg?1627854291","89553057","-120.098342","38.902172","Erysimum capitatum","Erysimum capitatum (Douglas ex Hook.) Greene","50628","2021","6","16","2021-06-16T15:46:00","naturalpriest","false","research"
"21",3335177082,"https://inaturalist-open-data.s3.amazonaws.com/photos/147897495/original.jpg?1627854279","89553057","-120.098342","38.902172","Erysimum capitatum","Erysimum capitatum (Douglas ex Hook.) Greene","50628","2021","6","16","2021-06-16T15:46:00","naturalpriest","false","research"
"22",3335155412,"https://inaturalist-open-data.s3.amazonaws.com/photos/123159139/original.jpg?1619425759","75292389","-119.813788","37.66775","Erysimum capitatum","Erysimum capitatum (Douglas ex Hook.) Greene","50628","2021","4","25","2021-04-25T18:57:57","Ulysses M","false","research"
"23",3335155412,"https://inaturalist-open-data.s3.amazonaws.com/photos/123159155/original.jpg?1619425771","75292389","-119.813788","37.66775","Erysimum capitatum","Erysimum capitatum (Douglas ex Hook.) Greene","50628","2021","4","25","2021-04-25T18:57:57","Ulysses M","false","research"
"24",3335155412,"https://inaturalist-open-data.s3.amazonaws.com/photos/123159176/original.jpg?1619425786","75292389","-119.813788","37.66775","Erysimum capitatum","Erysimum capitatum (Douglas ex Hook.) Greene","50628","2021","4","25","2021-04-25T18:57:57","Ulysses M","false","research"
"25",3335118420,"https://inaturalist-open-data.s3.amazonaws.com/photos/131350764/original.jpg?1621888886","80155722","-116.416192","33.529983","Erysimum capitatum","Erysimum capitatum (Douglas ex Hook.) Greene","50628","2021","5","23","2021-05-23T17:07:00","Colin Barrows","false","research"
"26",3335114408,"https://inaturalist-open-data.s3.amazonaws.com/photos/123088588/original.jpg?1619394807","75254843","-121.635171","37.339649","Erysimum capitatum","Erysimum capitatum (Douglas ex Hook.) Greene","50628","2021","4","12","2021-04-12T14:03:00","Elinor Gates","false","research"
"27",3335113416,"https://inaturalist-open-data.s3.amazonaws.com/photos/125531948/original.jpg?1619999509","76754329","-119.808977","37.665372","Erysimum capitatum","Erysimum capitatum (Douglas ex Hook.) Greene","50628","2021","5","2","2021-05-02T14:00:51","wurglerbirdhunt","false","research"
"28",3335113416,"https://inaturalist-open-data.s3.amazonaws.com/photos/125532530/original.jpg?1619999572","76754329","-119.808977","37.665372","Erysimum capitatum","Erysimum capitatum (Douglas ex Hook.) Greene","50628","2021","5","2","2021-05-02T14:00:51","wurglerbirdhunt","false","research"
"29",3335105424,"https://inaturalist-open-data.s3.amazonaws.com/photos/130626741/original.jpeg?1621660255","79736282","-119.648137","37.674055","Erysimum capitatum","Erysimum capitatum (Douglas ex Hook.) Greene","50628","2021","5","21","2021-05-21T10:52:00","tamjam","false","research"
"30",3335105424,"https://inaturalist-open-data.s3.amazonaws.com/photos/130626697/original.jpeg?1621660233","79736282","-119.648137","37.674055","Erysimum capitatum","Erysimum capitatum (Douglas ex Hook.) Greene","50628","2021","5","21","2021-05-21T10:52:00","tamjam","false","research"
"31",3335105424,"https://inaturalist-open-data.s3.amazonaws.com/photos/130626717/original.jpeg?1621660241","79736282","-119.648137","37.674055","Erysimum capitatum","Erysimum capitatum (Douglas ex Hook.) Greene","50628","2021","5","21","2021-05-21T10:52:00","tamjam","false","research"
"32",3335105424,"https://inaturalist-open-data.s3.amazonaws.com/photos/130626725/original.jpeg?1621660248","79736282","-119.648137","37.674055","Erysimum capitatum","Erysimum capitatum (Douglas ex Hook.) Greene","50628","2021","5","21","2021-05-21T10:52:00","tamjam","false","research"
"33",3335073616,"https://inaturalist-open-data.s3.amazonaws.com/photos/147192105/original.jpeg?1627617355","89152239","-118.19437","37.460835","Erysimum capitatum","Erysimum capitatum (Douglas ex Hook.) Greene","50628","2021","7","28","2021-07-28T15:51:27","joergmlpts","false","research"
"34",3335073616,"https://inaturalist-open-data.s3.amazonaws.com/photos/147192080/original.jpeg?1627617348","89152239","-118.19437","37.460835","Erysimum capitatum","Erysimum capitatum (Douglas ex Hook.) Greene","50628","2021","7","28","2021-07-28T15:51:27","joergmlpts","false","research"
"35",3333488558,"https://inaturalist-open-data.s3.amazonaws.com/photos/147096958/original.jpg?1627586445","89101061","-116.677036","33.788964","Erysimum capitatum","Erysimum capitatum subsp. capitatum","50627","2021","7","28","2021-07-28T16:02:00","Don Rideout","false","research"
"36",3333465309,"https://inaturalist-open-data.s3.amazonaws.com/photos/146728568/original.jpg?1627436125","88892788","-106.371703","35.178216","Erysimum capitatum","Erysimum capitatum (Douglas ex Hook.) Greene","50628","2021","7","27","2021-07-27T12:55:35","egrant505","false","research"
"37",3333419618,"https://inaturalist-open-data.s3.amazonaws.com/photos/145447983/original.jpg?1626986870","88174076","-105.595825","39.635055","Erysimum capitatum","Erysimum capitatum (Douglas ex Hook.) Greene","50628","2021","7","19","2021-07-19T10:56:09","m k","false","research"
"38",3333419618,"https://inaturalist-open-data.s3.amazonaws.com/photos/145448242/original.jpg?1626986935","88174076","-105.595825","39.635055","Erysimum capitatum","Erysimum capitatum (Douglas ex Hook.) Greene","50628","2021","7","19","2021-07-19T10:56:09","m k","false","research"
"39",3333404414,"https://inaturalist-open-data.s3.amazonaws.com/photos/129271161/original.jpeg?1621148469","78953392","-116.778749","33.806276","Erysimum capitatum","Erysimum capitatum (Douglas ex Hook.) Greene","50628","2021","5","15","2021-05-15T11:44:47","Thomas Herman","false","research"
"40",3333404414,"https://inaturalist-open-data.s3.amazonaws.com/photos/129271169/original.jpeg?1621148474","78953392","-116.778749","33.806276","Erysimum capitatum","Erysimum capitatum (Douglas ex Hook.) Greene","50628","2021","5","15","2021-05-15T11:44:47","Thomas Herman","false","research"
"41",3333390430,"https://inaturalist-open-data.s3.amazonaws.com/photos/129198690/original.jpg?1621121490","78913559","-116.942864","34.042424","Erysimum capitatum","Erysimum capitatum (Douglas ex Hook.) Greene","50628","2021","5","15","2021-05-15T09:10:02","Madison","false","research"
"42",3333373834,"https://inaturalist-open-data.s3.amazonaws.com/photos/145862467/original.jpg?1627144469","88408388","-117.093614","34.21027","Erysimum capitatum","Erysimum capitatum (Douglas ex Hook.) Greene","50628","2021","7","17","2021-07-17T17:20:55","kirstenwallace","false","research"
"43",3333312395,"https://inaturalist-open-data.s3.amazonaws.com/photos/129623554/original.jpg?1621264695","79155960","-116.778678","33.806197","Erysimum capitatum","Erysimum capitatum (Douglas ex Hook.) Greene","50628","2021","5","16","2021-05-16T12:49:32","ligiacamey","false","research"
"44",3333312395,"https://inaturalist-open-data.s3.amazonaws.com/photos/129623576/original.jpg?1621264702","79155960","-116.778678","33.806197","Erysimum capitatum","Erysimum capitatum (Douglas ex Hook.) Greene","50628","2021","5","16","2021-05-16T12:49:32","ligiacamey","false","research"
"45",3333307320,"https://inaturalist-open-data.s3.amazonaws.com/photos/48650664/original.jpeg?1566195165","31105999","-120.005122","38.663753","Erysimum capitatum","Erysimum capitatum (Douglas ex Hook.) Greene","50628","2019","8","17","2019-08-17T15:52:00","Micah Freedman","false","research"
"46",3333307320,"https://inaturalist-open-data.s3.amazonaws.com/photos/48650679/original.jpeg?1566195198","31105999","-120.005122","38.663753","Erysimum capitatum","Erysimum capitatum (Douglas ex Hook.) Greene","50628","2019","8","17","2019-08-17T15:52:00","Micah Freedman","false","research"
"47",3333307320,"https://inaturalist-open-data.s3.amazonaws.com/photos/48650672/original.jpeg?1566195181","31105999","-120.005122","38.663753","Erysimum capitatum","Erysimum capitatum (Douglas ex Hook.) Greene","50628","2019","8","17","2019-08-17T15:52:00","Micah Freedman","false","research"
"48",3333303423,"https://inaturalist-open-data.s3.amazonaws.com/photos/134481167/original.jpeg?1623029990","81117643","-116.888779","34.262314","Erysimum capitatum","Erysimum capitatum (Douglas ex Hook.) Greene","50628","2021","5","31","2021-05-31T17:32:22","lithuanian_lunatic","false","research"
"49",3333294433,"https://inaturalist-open-data.s3.amazonaws.com/photos/134174298/original.jpeg?1622938045","81790092","-117.042283","34.225259","Erysimum capitatum","Erysimum capitatum (Douglas ex Hook.) Greene","50628","2021","6","5","2021-06-05T17:04:58","ronnyadv","false","research"
"50",3333290429,"https://inaturalist-open-data.s3.amazonaws.com/photos/129522897/original.jpeg?1621217143","79098860","-116.589656","33.654101","Erysimum capitatum","Erysimum capitatum (Douglas ex Hook.) Greene","50628","2021","5","14","2021-05-14T20:38:00","Pat Miller","false","research"
"51",3333290429,"https://inaturalist-open-data.s3.amazonaws.com/photos/129520112/original.jpeg?1621216295","79098860","-116.589656","33.654101","Erysimum capitatum","Erysimum capitatum (Douglas ex Hook.) Greene","50628","2021","5","14","2021-05-14T20:38:00","Pat Miller","false","research"
"52",3333236429,"https://inaturalist-open-data.s3.amazonaws.com/photos/132454215/original.jpg?1622325068","80752505","-116.760219","33.827659","Erysimum capitatum","Erysimum capitatum (Douglas ex Hook.) Greene","50628","2021","5","29","2021-05-29T09:45:12","Warner Graves","false","research"
"53",3333215403,"https://inaturalist-open-data.s3.amazonaws.com/photos/146850583/original.jpg?1627493317","88963788","-119.041078","37.743706","Erysimum capitatum","Erysimum capitatum (Douglas ex Hook.) Greene","50628","2021","6","17","2021-06-17T10:26:00","Carol Blaney","false","research"
"54",3333215403,"https://inaturalist-open-data.s3.amazonaws.com/photos/146850378/original.jpg?1627493254","88963788","-119.041078","37.743706","Erysimum capitatum","Erysimum capitatum (Douglas ex Hook.) Greene","50628","2021","6","17","2021-06-17T10:26:00","Carol Blaney","false","research"
"55",3333215403,"https://inaturalist-open-data.s3.amazonaws.com/photos/146850577/original.jpg?1627493315","88963788","-119.041078","37.743706","Erysimum capitatum","Erysimum capitatum (Douglas ex Hook.) Greene","50628","2021","6","17","2021-06-17T10:26:00","Carol Blaney","false","research"
"56",3333209480,"https://inaturalist-open-data.s3.amazonaws.com/photos/146958534/original.jpeg?1627529195","89023012","-105.899514","38.970919","Erysimum capitatum","Erysimum capitatum (Douglas ex Hook.) Greene","50628","2021","7","28","2021-07-28T10:42:00","Daniel Atha","false","research"
"57",3333209480,"https://inaturalist-open-data.s3.amazonaws.com/photos/146958628/original.jpeg?1627529236","89023012","-105.899514","38.970919","Erysimum capitatum","Erysimum capitatum (Douglas ex Hook.) Greene","50628","2021","7","28","2021-07-28T10:42:00","Daniel Atha","false","research"
"58",3333165539,"https://inaturalist-open-data.s3.amazonaws.com/photos/141303813/original.jpeg?1625526081","85840804","-116.88873","34.263228","Erysimum capitatum","Erysimum capitatum (Douglas ex Hook.) Greene","50628","2021","6","29","2021-06-29T02:49:00","Ari Boehm","false","research"
"59",3333165467,"https://inaturalist-open-data.s3.amazonaws.com/photos/135893477/original.jpg?1623549441","82779800","-116.718302","33.740406","Erysimum capitatum","Erysimum capitatum (Douglas ex Hook.) Greene","50628","2021","6","12","2021-06-12T17:09:00","Dr. Julie Hopper","false","research"
"60",3333156433,"https://inaturalist-open-data.s3.amazonaws.com/photos/133646914/original.jpg?1622751924","81477729","-116.910955","34.162394","Erysimum capitatum","Erysimum capitatum (Douglas ex Hook.) Greene","50628","2021","5","31","2021-05-31T16:22:00","Michele Jones","false","research"
"61",3333156433,"https://inaturalist-open-data.s3.amazonaws.com/photos/133646925/original.jpg?1622751924","81477729","-116.910955","34.162394","Erysimum capitatum","Erysimum capitatum (Douglas ex Hook.) Greene","50628","2021","5","31","2021-05-31T16:22:00","Michele Jones","false","research"
"62",3333156433,"https://inaturalist-open-data.s3.amazonaws.com/photos/133646193/original.jpg?1622751757","81477729","-116.910955","34.162394","Erysimum capitatum","Erysimum capitatum (Douglas ex Hook.) Greene","50628","2021","5","31","2021-05-31T16:22:00","Michele Jones","false","research"
"63",3333156433,"https://inaturalist-open-data.s3.amazonaws.com/photos/133646915/original.jpg?1622751925","81477729","-116.910955","34.162394","Erysimum capitatum","Erysimum capitatum (Douglas ex Hook.) Greene","50628","2021","5","31","2021-05-31T16:22:00","Michele Jones","false","research"
"64",3333145419,"https://inaturalist-open-data.s3.amazonaws.com/photos/129554050/original.jpg?1621227870","79117862","-116.787824","34.158315","Erysimum capitatum","Erysimum capitatum (Douglas ex Hook.) Greene","50628","2021","5","14","2021-05-14T16:04:00","Shawn O'Donnell","false","research"
"65",3333145419,"https://inaturalist-open-data.s3.amazonaws.com/photos/129554068/original.jpg?1621227882","79117862","-116.787824","34.158315","Erysimum capitatum","Erysimum capitatum (Douglas ex Hook.) Greene","50628","2021","5","14","2021-05-14T16:04:00","Shawn O'Donnell","false","research"
"66",3333145419,"https://inaturalist-open-data.s3.amazonaws.com/photos/129554060/original.jpg?1621227877","79117862","-116.787824","34.158315","Erysimum capitatum","Erysimum capitatum (Douglas ex Hook.) Greene","50628","2021","5","14","2021-05-14T16:04:00","Shawn O'Donnell","false","research"
"67",3333143443,"https://inaturalist-open-data.s3.amazonaws.com/photos/133372826/original.jpg?1622652193","81320609","-116.927117","34.233733","Erysimum capitatum","Erysimum capitatum (Douglas ex Hook.) Greene","50628","2021","5","31","2021-05-31T16:11:01","Jaimie Kenney","false","research"
"68",3333141018,"https://inaturalist-open-data.s3.amazonaws.com/photos/146136128/original.jpg?1627231223","88564892","-108.300585","32.85792","Erysimum capitatum","Erysimum capitatum (Douglas ex Hook.) Greene","50628","2021","7","25","2021-07-25T07:22:00","Andrew Tree","false","research"
"69",3333137435,"https://inaturalist-open-data.s3.amazonaws.com/photos/129845534/original.jpeg?1621352383","79282087","-119.884792","37.766758","Erysimum capitatum","Erysimum capitatum (Douglas ex Hook.) Greene","50628","2021","5","14","2021-05-14T07:33:31","Evan Lipton","false","research"
"70",3333113657,"https://inaturalist-open-data.s3.amazonaws.com/photos/145530229/original.jpg?1627013353","88218704","-105.294006","39.935112","Erysimum capitatum","Erysimum capitatum (Douglas ex Hook.) Greene","50628","2021","6","20","2021-06-20T10:20:32","tbross14","false","research"
"71",3333100264,"https://inaturalist-open-data.s3.amazonaws.com/photos/146487187/original.jpg?1627343728","88758317","-106.437431","35.202823","Erysimum capitatum","Erysimum capitatum (Douglas ex Hook.) Greene","50628","2021","7","25","2021-07-25T10:51:28","jryanblacksmith","false","research"
"72",3333088419,"https://inaturalist-open-data.s3.amazonaws.com/photos/128857593/original.jpeg?1621011489","78717032","-116.881982","34.217983","Erysimum capitatum","Erysimum capitatum (Douglas ex Hook.) Greene","50628","2021","5","14","2021-05-14T09:56:00","dmarsha","false","research"
"73",3333088419,"https://inaturalist-open-data.s3.amazonaws.com/photos/128857536/original.jpeg?1621011475","78717032","-116.881982","34.217983","Erysimum capitatum","Erysimum capitatum (Douglas ex Hook.) Greene","50628","2021","5","14","2021-05-14T09:56:00","dmarsha","false","research"
"74",3333043432,"https://inaturalist-open-data.s3.amazonaws.com/photos/132497767/original.jpeg?1622337482","80822082","-116.738815","33.703569","Erysimum capitatum","Erysimum capitatum (Douglas ex Hook.) Greene","50628","2021","5","29","2021-05-29T13:04:00","David Rankin","false","research"
"75",3333040432,"https://inaturalist-open-data.s3.amazonaws.com/photos/129507752/original.jpeg?1621213093","79091430","-116.733364","33.735509","Erysimum capitatum","Erysimum capitatum (Douglas ex Hook.) Greene","50628","2021","5","16","2021-05-16T13:37:02","Thomas Herman","false","research"
"76",3333040432,"https://inaturalist-open-data.s3.amazonaws.com/photos/129507792/original.jpeg?1621213101","79091430","-116.733364","33.735509","Erysimum capitatum","Erysimum capitatum (Douglas ex Hook.) Greene","50628","2021","5","16","2021-05-16T13:37:02","Thomas Herman","false","research"
"77",3333040432,"https://inaturalist-open-data.s3.amazonaws.com/photos/129507716/original.jpeg?1621213084","79091430","-116.733364","33.735509","Erysimum capitatum","Erysimum capitatum (Douglas ex Hook.) Greene","50628","2021","5","16","2021-05-16T13:37:02","Thomas Herman","false","research"
"78",3333040326,"https://inaturalist-open-data.s3.amazonaws.com/photos/42793559/original.jpeg?1561297128","27498911","-123.992536","42.195759","Erysimum capitatum","Erysimum capitatum (Douglas ex Hook.) Greene","50628","2019","6","7","2019-06-07T08:25:00","Jeff Goddard","false","research"
"79",3333040326,"https://inaturalist-open-data.s3.amazonaws.com/photos/42793578/original.jpeg?1561297142","27498911","-123.992536","42.195759","Erysimum capitatum","Erysimum capitatum (Douglas ex Hook.) Greene","50628","2019","6","7","2019-06-07T08:25:00","Jeff Goddard","false","research"
"80",3333040326,"https://inaturalist-open-data.s3.amazonaws.com/photos/42792076/original.jpeg?1561296105","27498911","-123.992536","42.195759","Erysimum capitatum","Erysimum capitatum (Douglas ex Hook.) Greene","50628","2019","6","7","2019-06-07T08:25:00","Jeff Goddard","false","research"
"81",3333040326,"https://inaturalist-open-data.s3.amazonaws.com/photos/42910387/original.jpeg?1561387765","27498911","-123.992536","42.195759","Erysimum capitatum","Erysimum capitatum (Douglas ex Hook.) Greene","50628","2019","6","7","2019-06-07T08:25:00","Jeff Goddard","false","research"
"82",3330925358,"https://inaturalist-open-data.s3.amazonaws.com/photos/145071271/original.jpg?1626845771","87956295","-139.518781","64.058151","Erysimum capitatum","Erysimum angustatum Rydb.","162712","2021","7","19","2021-07-19T08:09:55","Cristina","false","research"
"83",3330925358,"https://inaturalist-open-data.s3.amazonaws.com/photos/145071234/original.jpg?1626845755","87956295","-139.518781","64.058151","Erysimum capitatum","Erysimum angustatum Rydb.","162712","2021","7","19","2021-07-19T08:09:55","Cristina","false","research"
"84",3330925358,"https://inaturalist-open-data.s3.amazonaws.com/photos/145071264/original.jpg?1626845767","87956295","-139.518781","64.058151","Erysimum capitatum","Erysimum angustatum Rydb.","162712","2021","7","19","2021-07-19T08:09:55","Cristina","false","research"
"85",3330925358,"https://inaturalist-open-data.s3.amazonaws.com/photos/145071253/original.jpg?1626845763","87956295","-139.518781","64.058151","Erysimum capitatum","Erysimum angustatum Rydb.","162712","2021","7","19","2021-07-19T08:09:55","Cristina","false","research"
"86",3330925358,"https://inaturalist-open-data.s3.amazonaws.com/photos/145071190/original.jpg?1626845728","87956295","-139.518781","64.058151","Erysimum capitatum","Erysimum angustatum Rydb.","162712","2021","7","19","2021-07-19T08:09:55","Cristina","false","research"
"87",3330925358,"https://inaturalist-open-data.s3.amazonaws.com/photos/145071242/original.jpg?1626845759","87956295","-139.518781","64.058151","Erysimum capitatum","Erysimum angustatum Rydb.","162712","2021","7","19","2021-07-19T08:09:55","Cristina","false","research"
"88",3330925358,"https://inaturalist-open-data.s3.amazonaws.com/photos/145071293/original.jpg?1626845779","87956295","-139.518781","64.058151","Erysimum capitatum","Erysimum angustatum Rydb.","162712","2021","7","19","2021-07-19T08:09:55","Cristina","false","research"
"89",3330925358,"https://inaturalist-open-data.s3.amazonaws.com/photos/145071300/original.jpg?1626845784","87956295","-139.518781","64.058151","Erysimum capitatum","Erysimum angustatum Rydb.","162712","2021","7","19","2021-07-19T08:09:55","Cristina","false","research"
"90",3330925358,"https://inaturalist-open-data.s3.amazonaws.com/photos/145071213/original.jpg?1626845747","87956295","-139.518781","64.058151","Erysimum capitatum","Erysimum angustatum Rydb.","162712","2021","7","19","2021-07-19T08:09:55","Cristina","false","research"
"91",3330925358,"https://inaturalist-open-data.s3.amazonaws.com/photos/145071222/original.jpg?1626845751","87956295","-139.518781","64.058151","Erysimum capitatum","Erysimum angustatum Rydb.","162712","2021","7","19","2021-07-19T08:09:55","Cristina","false","research"
"92",3330925358,"https://inaturalist-open-data.s3.amazonaws.com/photos/145071204/original.jpg?1626845741","87956295","-139.518781","64.058151","Erysimum capitatum","Erysimum angustatum Rydb.","162712","2021","7","19","2021-07-19T08:09:55","Cristina","false","research"
"93",3330925358,"https://inaturalist-open-data.s3.amazonaws.com/photos/145071281/original.jpg?1626845775","87956295","-139.518781","64.058151","Erysimum capitatum","Erysimum angustatum Rydb.","162712","2021","7","19","2021-07-19T08:09:55","Cristina","false","research"
"94",3330896350,"https://inaturalist-open-data.s3.amazonaws.com/photos/145067700/original.jpg?1626843748","87954512","-106.440737","35.207353","Erysimum capitatum","Erysimum capitatum (Douglas ex Hook.) Greene","50628","2021","7","18","2021-07-18T12:38:56","spyingnaturalist","false","research"
"95",3330805543,"https://inaturalist-open-data.s3.amazonaws.com/photos/145338715/original.jpg?1626954714","88109632","-106.437813","35.202842","Erysimum capitatum","Erysimum capitatum (Douglas ex Hook.) Greene","50628","2021","7","18","2021-07-18T12:49:51","spyingnaturalist","false","research"
"96",3330787555,"https://inaturalist-open-data.s3.amazonaws.com/photos/142485321/original.jpg?1625961151","86488462","-105.810057","39.644015","Erysimum capitatum","Erysimum capitatum (Douglas ex Hook.) Greene","50628","2021","7","10","2021-07-10T10:47:46","wcanderson","false","research"
"97",3330782762,"https://inaturalist-open-data.s3.amazonaws.com/photos/144037208/original.jpg?1626506217","87368791","-139.594429","64.01724","Erysimum capitatum","Erysimum angustatum Rydb.","162712","2021","7","16","2021-07-16T12:13:00","sydcannings","false","research"
"98",3330782762,"https://inaturalist-open-data.s3.amazonaws.com/photos/144037070/original.jpg?1626506131","87368791","-139.594429","64.01724","Erysimum capitatum","Erysimum angustatum Rydb.","162712","2021","7","16","2021-07-16T12:13:00","sydcannings","false","research"
"99",3330782762,"https://inaturalist-open-data.s3.amazonaws.com/photos/144037159/original.jpg?1626506187","87368791","-139.594429","64.01724","Erysimum capitatum","Erysimum angustatum Rydb.","162712","2021","7","16","2021-07-16T12:13:00","sydcannings","false","research"
"100",3330776206,"https://inaturalist-open-data.s3.amazonaws.com/photos/144784096/original.jpeg?1626741540","87793617","-119.317121","34.637709","Erysimum capitatum","Erysimum capitatum (Douglas ex Hook.) Greene","50628","2019","7","13","2019-07-13T06:34:47","Casey H. Richart","false","research"